Energy, Magnetisation
5696,-1496
5296,-1438
5064,-1364
4952,-1346
4784,-1320
4632,-1264
4424,-1214
4488,-1226
4496,-1248
4456,-1212
4600,-1250
4488,-1252
4200,-1176
3992,-1118
4120,-1114
4264,-1152
3960,-1098
4232,-1102
3856,-1006
3952,-1014
3776,-992
3680,-896
3584,-894
3768,-848
3888,-820
3584,-754
3688,-744
3608,-754
3544,-716
3824,-734
3704,-696
3768,-676
3672,-668
3672,-656
3712,-680
3704,-650
3768,-644
3992,-724
3928,-772
3880,-764
3904,-748
3864,-698
3856,-698
3688,-650
3896,-670
3864,-698
3728,-694
3656,-688
3720,-734
3752,-690
3752,-690
3856,-780
3928,-738
3832,-732
3744,-698
3824,-742
3752,-734
3888,-764
3808,-738
3832,-696
3896,-756
4136,-816
3904,-780
3840,-740
3760,-736
3720,-728
3840,-802
3840,-730
3904,-702
3936,-716
4040,-698
3768,-674
3680,-684
3840,-680
3824,-576
3624,-564
3736,-614
3544,-628
3504,-564
3496,-606
3272,-602
3488,-636
3368,-602
3568,-622
3416,-556
3336,-576
3496,-664
3688,-718
3920,-746
3768,-744
3840,-708
3648,-694
3656,-696
3736,-674
3584,-660
3792,-762
3744,-730
3936,-764
3672,-712
3768,-702
3792,-710
3936,-752
3656,-730
3592,-704
3984,-674
3976,-642
3936,-670
3832,-686
3784,-722
3936,-746
3976,-740
3936,-714
4000,-752
4120,-804
3952,-806
3968,-800
4056,-776
3880,-776
3928,-760
3648,-712
3632,-670
3792,-670
3760,-656
3664,-644
3752,-626
3456,-636
3536,-646
3848,-628
3632,-578
3504,-558
3280,-528
3416,-512
3584,-428
3552,-360
3664,-364
3512,-282
3648,-294
3384,-314
3248,-348
3288,-334
3520,-400
3328,-422
3296,-426
3352,-442
3392,-488
3448,-488
3304,-456
3240,-464
3272,-438
3152,-480
3256,-416
3280,-326
3576,-286
3536,-360
3320,-330
3416,-348
3656,-388
3768,-436
3784,-462
3768,-478
3832,-504
3928,-532
3880,-514
3680,-540
3864,-516
3688,-504
3616,-480
3536,-358
3640,-350
3512,-316
3304,-330
3304,-382
3192,-402
3176,-448
3336,-440
3344,-552
3384,-572
3456,-596
3568,-550
3408,-524
3256,-420
3368,-424
3520,-354
3424,-348
3488,-356
3336,-394
3352,-420
3168,-386
3328,-306
3224,-312
3272,-308
3368,-306
3480,-274
3560,-242
3520,-306
3432,-286
3408,-302
3496,-306
3392,-228
3336,-286
3448,-274
3552,-250
3296,-202
3384,-178
3496,-154
3312,-170
3336,-146
3240,-216
3432,-194
3400,-170
3664,-164
3520,-112
3528,-106
3560,-126
3808,-34
3808,-50
3512,-120
3456,-42
3488,-72
3424,-66
3336,-16
3432,14
3448,2
3560,-44
3888,-86
3672,-90
3664,2
3496,-34
3336,-52
3176,-24
3264,74
3344,108
3104,52
3192,136
3040,190
2952,88
3208,68
3232,82
3272,24
3616,22
3536,-10
3560,-14
3448,-30
3488,-140
3464,-128
3608,-172
3520,-226
3472,-170
3712,-198
3624,-206
3256,-98
3184,36
3016,18
3112,0
3040,-50
3376,-18
3544,0
3584,34
3536,56
3472,-62
3480,8
3480,32
3320,54
3480,22
3320,4
3424,-40
3408,-78
3544,-20
3400,14
3376,-6
3264,54
3320,32
3440,56
3368,-12
3360,-38
3320,10
3576,98
3272,90
3224,26
3600,18
3640,-4
3272,22
3304,94
3368,104
3496,52
3352,2
3320,14
3440,-50
3368,-16
3488,-22
3608,-122
3776,-128
3664,-164
3632,-216
3624,-230
3632,-174
3648,-156
3496,-142
3592,-92
3552,-116
3624,-134
3568,-110
3560,-80
3408,-114
3496,-108
3440,-56
3552,-34
3480,-54
3488,-54
3456,-80
3416,-92
3552,-42
3424,-116
3384,-112
3400,-120
3400,-162
3560,-228
3456,-228
3560,-276
3640,-302
3624,-264
3472,-306
3520,-336
3520,-380
3648,-402
3600,-342
3648,-322
3832,-398
3880,-412
3712,-438
3528,-418
3920,-382
3688,-384
3424,-388
3728,-342
3592,-288
3496,-302
3536,-324
3848,-342
3704,-262
3560,-254
3488,-276
3576,-282
3464,-272
3552,-216
3640,-288
3736,-278
3672,-302
3656,-342
3576,-326
3664,-372
3688,-332
3600,-388
3800,-402
3800,-426
3488,-380
3568,-442
3480,-484
3584,-524
3776,-560
3640,-554
3600,-544
3744,-510
3704,-496
3568,-450
3704,-434
3608,-470
3752,-376
3560,-396
3792,-430
3640,-494
3744,-528
3640,-564
3728,-562
3784,-586
3544,-558
3768,-530
3880,-576
3736,-558
3896,-552
3912,-498
3792,-508
3672,-454
3584,-434
3840,-496
4000,-528
3976,-502
3816,-438
3744,-438
3448,-336
3664,-320
3648,-304
3592,-268
3560,-312
3304,-258
3440,-222
3384,-154
3392,-210
3352,-132
3520,-98
3568,-216
3480,-334
3640,-338
3408,-228
3376,-290
3328,-262
3256,-352
3392,-324
3424,-348
3392,-394
3640,-416
3536,-400
3368,-336
3112,-322
3376,-364
3416,-362
3384,-300
3400,-254
3512,-344
3568,-310
3344,-264
3352,-184
3360,-124
3384,-68
3312,-58
3560,-34
3432,-40
3424,60
3320,112
3256,28
3352,92
3584,46
3600,6
3536,-10
3480,-22
3584,-32
3624,-44
3592,-72
3504,-120
3656,-192
3608,-108
3560,-124
3480,-76
3472,-58
3376,-78
3440,-76
3416,-82
3360,-62
3216,-56
3320,-10
3504,-42
3576,36
3440,162
3384,192
3488,208
3368,164
3328,138
3472,114
3480,94
3648,40
3616,94
3576,128
3576,114
3328,76
3528,192
3504,122
3432,182
3480,220
3488,272
3496,262
3440,240
3224,240
3264,210
3448,220
3240,146
3488,112
3584,-6
3424,12
3416,-80
3288,-106
3392,-138
3416,-68
3272,-110
3408,-160
3344,-138
3600,-96
3728,-102
3560,-128
3336,-130
3192,-180
3496,-230
3496,-202
3408,-178
3712,-272
3736,-222
3784,-178
3696,-146
3720,-174
3792,-146
3624,-128
3512,-76
3504,-52
3632,-96
3464,-68
3584,-2
3544,8
3408,40
3408,60
3304,114
3632,126
3616,62
3592,82
3672,60
3776,90
3744,92
3624,114
3576,116
3536,204
3600,224
3504,180
3552,226
3528,234
3784,222
3608,228
3696,216
3672,158
3912,150
3824,62
3712,20
3712,-20
3624,-60
3416,-56
3296,-124
3072,-114
3072,-62
3448,-78
3184,-50
3392,-80
3528,-132
3344,-68
3272,-112
3344,-98
3112,-100
3488,-126
3568,-110
3576,-194
3640,-218
3680,-266
3616,-262
3552,-280
3616,-220
3576,-212
3600,-216
3456,-134
3440,-68
3656,-50
3864,-64
3896,-140
3888,-146
3720,-100
3832,-86
3432,-130
3504,-132
3656,-186
3680,-228
3680,-234
3880,-356
3680,-388
3728,-370
3552,-342
3632,-282
3584,-300
3808,-366
3920,-332
3856,-264
3808,-254
3824,-310
3736,-282
3856,-252
3824,-276
3776,-312
3896,-316
3880,-304
3848,-366
3896,-410
3792,-426
3656,-412
3664,-464
3664,-410
3720,-434
3464,-430
3384,-362
3400,-388
3288,-410
3408,-414
3552,-442
3704,-406
3952,-476
3888,-434
4072,-350
3992,-326
3944,-344
4048,-372
3976,-428
3896,-416
3848,-384
3920,-348
3976,-338
3912,-300
3664,-268
3496,-314
3344,-268
3184,-306
3136,-282
3520,-330
3792,-350
3696,-320
3728,-260
3880,-298
3768,-256
3680,-150
3512,-132
3416,-160
3272,-138
3544,-156
3552,-156
3576,-138
3504,-130
3528,-118
3472,-78
3592,10
3552,66
3608,36
3592,36
3560,-42
3456,-8
3792,54
3600,106
3608,178
3712,110
3480,22
3288,6
3336,22
3392,54
3408,0
3448,28
3400,86
3384,-34
3472,4
3448,-2
3336,-58
3576,-54
3664,-118
3632,-84
3632,-84
3624,-142
3640,-172
3664,-170
3600,-200
3544,-182
3544,-174
3480,-162
3256,-116
3376,-150
3440,-122
3208,-112
3272,-106
3368,-78
3480,-36
3272,2
3408,-10
3400,-92
3328,-46
3480,-96
3392,-108
3656,-138
3448,-142
3536,-72
3272,14
3272,46
3632,44
3392,34
3552,38
3416,30
3464,-2
3624,82
3592,-32
3520,6
3352,70
3360,14
3584,-4
3552,-10
3616,52
3488,114
3424,86
3600,68
3408,8
3416,46
3408,96
3472,76
3280,72
3368,138
3432,86
3432,44
3592,64
3752,34
3792,24
3712,4
3536,-18
3640,-12
3824,-126
3608,-144
3824,-66
3712,-28
3832,-34
3624,-66
3592,-62
3472,-60
3448,-44
3664,26
3640,10
3672,-8
3784,-34
3928,-80
3896,-82
3792,-52
3680,-24
3888,-38
3824,-12
3904,-8
3880,-2
3992,-6
3928,-30
4112,-4
4128,-42
4064,-86
4120,-128
3912,-144
3832,-182
4144,-178
3952,-178
3960,-226
3640,-200
3720,-100
3720,-82
3712,-46
3592,-78
3336,-40
3576,-88
3616,-70
3528,-48
3664,-86
3584,-174
3456,-78
3664,-124
3464,-92
3472,-32
3648,-40
3576,-30
3800,-102
3728,-186
3720,-162
3824,-192
3872,-218
3728,-250
3992,-262
4024,-288
3696,-258
3792,-252
3592,-226
3856,-284
3960,-234
3880,-204
3768,-186
3472,-142
3672,-228
3544,-214
3504,-278
3432,-270
3360,-230
3600,-220
3600,-212
3704,-224
3592,-212
3648,-254
3560,-244
3704,-270
3856,-284
3976,-318
3872,-298
4000,-362
3808,-310
3744,-336
3600,-314
3552,-298
3624,-230
3512,-216
3376,-246
3368,-306
3400,-254
3552,-162
3336,-198
3200,-168
3344,-230
3520,-246
3512,-216
3360,-182
3592,-300
3496,-326
3376,-298
3512,-352
3664,-338
3592,-278
3368,-250
3200,-260
3448,-236
3608,-192
3504,-144
3320,-186
3184,-172
3288,-256
3512,-272
3456,-328
3440,-394
3568,-402
3584,-396
3688,-342
3704,-328
3608,-306
3672,-348
3672,-288
3464,-292
3512,-296
3584,-242
3504,-220
3384,-146
3264,-154
3264,-90
3384,-84
3512,-52
3248,-62
3264,-92
3440,-152
3336,-102
3368,-58
3400,-138
3304,-104
3280,-74
3520,-80
3272,-46
3408,-4
3272,-32
3240,-116
3320,-88
3504,-64
3424,-104
3336,-158
3544,-138
3592,-214
3568,-222
3456,-210
3408,-238
3344,-194
3288,-174
3296,-170
3464,-192
3504,-190
3488,-198
3600,-194
3328,-134
3400,-166
3512,-130
3392,-120
3392,-156
3768,-104
3504,-82
3568,-66
3512,-74
3456,-48
3432,30
3552,30
3448,-24
3520,-44
3472,-78
3256,-56
3528,-12
3416,78
3336,78
3312,48
3328,70
3224,150
3456,34
3512,28
3368,54
3360,30
3208,-68
3248,-56
3456,-84
3272,-60
3648,-118
3504,-178
3528,-182
3448,-154
3464,-174
3568,-134
3456,-98
3240,4
3632,-24
3304,-42
3304,54
3160,94
3344,156
3344,188
3592,212
3448,224
3344,166
3472,76
3248,74
3272,28
3424,-40
3464,-130
3384,-166
3424,-184
3216,-194
3280,-154
3432,-142
3448,-136
3424,-124
3528,-160
3480,-132
3840,-198
3792,-188
3528,-132
3584,-198
3616,-216
3328,-202
3568,-264
3472,-190
3440,-146
3512,-142
3488,-232
3472,-194
3360,-256
3416,-268
3304,-184
3312,-230
3352,-254
3408,-222
3472,-214
3424,-174
3336,-116
3384,-138
3448,-194
3608,-234
3520,-220
3456,-228
3464,-202
3704,-214
3576,-272
3688,-282
3760,-272
3552,-330
3520,-352
3440,-288
3448,-254
3400,-216
3520,-226
3568,-252
3520,-216
3584,-222
3776,-224
3624,-206
3808,-184
3520,-104
3392,-78
3448,-100
3456,-90
3600,-130
3528,-112
3616,-120
3656,-122
3688,-148
3480,-178
3608,-210
3304,-184
3560,-204
3640,-210
3672,-192
3472,-154
3456,-164
3352,-98
3576,-6
3544,-30
3704,-68
3784,-98
3744,-116
3752,-76
3560,-22
3488,-22
3536,4
3664,48
3336,82
3536,176
3736,268
3736,324
3768,362
3600,372
3688,404
3536,382
3688,362
3624,362
3632,344
3520,326
3664,348
3680,396
3616,362
3528,270
3624,244
3528,214
3456,282
3656,336
3624,326
3728,414
3264,390
3464,384
3664,422
3640,438
3784,488
3560,460
3488,412
3544,504
3536,556
3504,516
3688,604
3872,618
3904,604
3936,628
3936,690
3544,602
3664,508
3528,532
3696,508
3760,512
3960,566
3632,510
3616,428
3552,398
3592,386
3584,372
3472,408
3384,328
3336,320
3360,244
3296,294
3184,230
3480,212
3328,236
3536,240
3592,252
3584,218
3600,256
3704,266
3752,280
3800,286
3896,278
3880,300
3752,348
3456,358
3520,352
3272,352
3384,308
3472,218
3648,284
3616,230
3528,218
3488,226
3440,296
3472,262
3440,250
3384,204
3344,206
3448,286
3576,328
3736,252
3536,224
3456,208
3456,146
3592,132
3440,100
3464,130
3432,200
3360,144
3304,170
3392,168
3280,158
3560,202
3456,198
3392,132
3352,62
3496,-2
3496,6
3272,-80
3200,-50
3216,-116
3312,-126
3264,-158
3176,-166
3144,-146
3168,-100
3264,-156
3120,-136
3200,-108
3184,-84
3280,-70
3456,-136
3280,-146
3240,-110
3448,-160
3424,-78
3448,-54
3400,4
3584,-56
3480,-56
3496,-54
3496,-80
3488,14
3512,16
3600,40
3832,18
3688,22
3488,28
3584,-4
3392,-10
3344,86
3552,90
3744,64
3304,26
3288,54
3640,62
3552,112
3288,136
3200,174
3240,124
3384,148
3512,96
3392,50
3368,90
3512,74
3560,60
3464,102
3504,124
3520,94
3576,104
3528,162
3328,180
3408,158
3456,194
3424,298
3536,362
3664,372
3720,338
3632,272
3608,336
3680,330
3568,364
3416,368
3320,374
3336,382
3392,348
3280,342
3320,296
3304,218
3280,252
3432,236
3504,202
3536,236
3520,230
3328,214
3552,228
3432,260
3328,322
3456,388
3536,386
3608,474
3560,488
3944,512
3808,592
3688,528
3696,480
3616,436
3672,428
3496,440
3544,422
3456,438
3616,370
3680,354
3696,316
3488,222
3480,168
3304,208
3336,248
3392,278
3296,288
3384,292
3416,288
3400,248
3376,230
3400,254
3592,254
3528,332
3472,298
3624,328
3576,372
3616,470
3688,524
3816,488
3584,460
3688,502
3504,490
3600,500
3568,518
3528,540
3688,564
3784,564
3560,452
3560,490
3640,450
3928,468
3976,518
3800,528
3856,404
3752,312
3816,378
3800,340
3512,298
3608,354
3512,274
3472,224
3400,212
3816,216
3584,182
3648,136
3488,184
3456,214
3560,286
3584,324
3712,286
3400,260
3488,184
3376,188
3392,246
3496,312
3576,300
3424,262
3360,210
3456,190
3312,224
3312,178
3520,132
3640,168
3352,146
3696,122
3512,130
3568,124
3472,176
3488,186
3448,206
3248,164
3272,144
3320,126
3320,250
3256,226
3496,286
3464,266
3472,280
3696,244
3288,216
3488,308
3408,266
3472,232
3152,194
3312,146
3288,82
3272,102
3376,20
3448,-22
3344,-4
3400,-44
3368,-42
3280,50
3264,66
3344,98
3344,36
3448,-26
3544,42
3328,64
3408,74
3536,128
3576,102
3320,84
3560,78
3536,110
3536,166
3608,182
3488,136
3520,128
3328,118
3408,108
3584,150
3232,132
3448,160
3488,124
3536,146
3776,128
3856,170
3472,84
3432,62
3304,30
3432,16
3392,18
3264,68
3280,96
3128,44
2936,74
3048,92
3352,38
3304,62
3264,82
3216,72
3328,164
3344,168
3304,224
3240,170
3536,150
3368,162
3224,180
3280,120
3304,108
3192,34
3048,28
2792,44
3240,66
3200,-40
2888,-26
3088,-32
3248,26
3272,0
3392,20
3168,40
3064,26
3248,-20
3192,22
3320,-6
3456,24
3400,10
3344,24
3464,90
3448,46
3528,48
3208,80
3384,90
3536,8
3560,36
3464,12
3472,-14
3512,-10
3472,100
3336,-8
3376,-34
3328,-2
3424,-110
3472,-102
3568,-156
3400,-128
3448,-148
3448,-158
3520,-216
3424,-258
3640,-286
3352,-300
3288,-192
3352,-180
3520,-84
3472,-122
3768,-94
3384,-62
3560,-134
3544,-112
3496,-114
3240,-62
3216,-6
3408,74
3304,120
3448,106
3584,64
3488,106
3584,70
3616,116
3752,122
3648,154
3624,98
3416,84
3536,172
3648,192
3816,226
3624,230
3736,214
3744,202
3712,224
3496,224
3608,182
3440,198
3592,244
3640,212
3520,206
3488,220
3600,200
3488,154
3480,176
3344,126
3432,56
3272,66
3264,60
3296,50
3232,174
3168,146
3296,214
3304,246
3496,200
3440,156
3416,116
3576,126
3592,62
3472,38
3312,24
3304,-18
3304,12
3552,94
3248,150
3096,112
3288,80
3320,30
3376,66
3440,112
3440,134
3440,176
3536,158
3624,190
3440,208
3320,226
3136,244
3432,218
3264,190
3184,28
3056,100
3392,94
3552,40
3632,2
3584,68
3536,16
3432,26
3632,18
3680,50
3320,22
3288,52
3256,58
3400,118
3256,180
3048,114
3160,128
3232,100
3272,56
3376,44
3552,0
3608,-38
3528,2
3392,-2
3488,-46
3352,-22
3368,-66
3440,-52
3616,4
3480,36
3576,-20
3472,-32
3336,20
3352,56
3360,2
3184,-14
3296,-78
3416,-22
3544,-60
3464,-92
3344,-120
3560,-142
3280,-94
3328,-156
3400,-202
3488,-166
3520,-190
3608,-220
3568,-234
3536,-256
3496,-282
3416,-236
3480,-124
3488,-166
3408,-112
3224,-122
3336,-108
3392,-188
3416,-134
3560,-96
3496,-152
3560,-134
3512,-60
3344,-46
3456,-52
3304,-76
3320,-112
3264,-62
3296,-8
3184,6
3112,148
3120,110
3256,108
3176,26
3344,88
3440,172
3352,164
3408,234
3336,240
3376,300
3592,414
3520,384
3688,380
3720,340
3592,348
3328,272
3408,258
3528,244
3384,226
3392,238
3376,198
3240,104
3160,66
3272,36
3488,40
3456,-50
3704,-98
3456,-102
3608,-138
3640,-112
3288,-24
3368,-56
3432,-58
3456,-20
3568,18
3608,-46
3520,-102
3456,-66
3464,-70
3344,32
3456,48
3688,92
3576,160
3768,158
3712,218
3776,256
3840,304
3816,322
3624,228
3672,184
3600,150
3472,186
3592,122
3656,176
3824,274
3760,296
3672,238
3808,240
3832,222
3904,250
3808,186
3848,180
3648,220
3752,172
3504,176
3744,162
3656,208
3672,208
3560,238
3952,250
3712,256
3520,260
3608,258
3528,276
3464,274
3712,286
3600,280
3456,166
3560,236
3512,176
3624,208
3776,216
3752,296
3528,312
3696,348
3680,302
3560,252
3456,250
3344,210
3648,274
3792,282
3864,276
3824,236
3840,242
3832,274
3632,296
3808,252
3792,200
3872,210
3560,182
3824,190
3608,182
3760,280
3872,244
3640,222
3496,232
3312,216
3472,188
3600,232
3360,246
3552,256
3512,230
3728,172
3672,142
3496,96
3536,112
3480,178
3464,122
3272,124
3408,112
3200,98
3312,82
3192,98
3272,72
3272,44
3264,2
3320,-44
3512,-26
3400,-26
3360,-80
3456,-42
3528,-106
3368,-114
3552,-52
3632,8
3440,-38
3408,-104
3160,-90
3248,-56
3472,-72
3768,-70
3504,-120
3544,-30
3720,-82
3520,-62
3760,-90
3592,-42
3616,-116
3744,-124
3624,-170
3480,-60
3400,-30
3448,-66
3336,-110
3168,-94
3368,-126
3432,-150
3440,-148
3408,-234
3640,-254
3664,-272
3736,-290
3712,-330
3784,-348
3624,-316
3608,-288
3640,-322
3568,-336
3528,-296
3664,-296
3712,-246
3720,-238
3584,-296
3648,-298
3672,-288
3760,-230
3600,-246
3592,-192
3576,-244
3648,-330
3608,-356
3584,-404
3624,-432
3648,-408
3648,-372
3552,-310
3360,-382
3376,-384
3320,-358
3424,-370
3448,-358
3424,-340
3560,-414
3704,-454
3600,-430
3632,-428
3624,-400
3832,-400
3664,-428
3664,-396
3648,-374
3616,-408
3520,-406
3400,-358
3480,-410
3528,-342
3584,-290
3408,-336
3424,-288
3376,-280
3560,-318
3288,-216
3288,-242
3304,-214
3280,-328
3304,-302
3560,-298
3568,-318
3976,-390
3536,-432
3448,-488
3736,-532
3704,-554
3552,-522
3536,-550
3560,-496
3600,-396
3536,-376
3536,-434
3616,-466
3488,-424
3720,-388
3640,-370
3528,-396
3672,-434
3720,-504
3656,-526
3640,-534
3600,-532
3720,-454
3288,-354
3320,-282
3248,-334
3312,-396
3344,-406
3176,-440
3360,-426
3408,-486
3320,-368
3416,-342
3352,-328
3072,-224
3200,-236
3272,-200
3256,-134
3208,-64
3160,-70
3192,18
3160,-92
3176,-158
3272,-134
3264,-154
3480,-200
3464,-178
3440,-184
3472,-192
3496,-198
3464,-188
3440,-212
3376,-260
3528,-288
3392,-334
3544,-362
3584,-366
3792,-390
3584,-364
3688,-432
3656,-420
3672,-450
3712,-390
3528,-336
3624,-332
3416,-286
3344,-292
3232,-322
3192,-324
3320,-214
3504,-164
3560,-154
3504,-198
3456,-182
3320,-132
3024,-122
3056,-118
3048,12
3152,-78
3240,-94
3128,-66
3032,-92
3168,-106
3256,-72
3056,-92
3112,-114
3264,-88
3408,-104
3400,-76
3320,-172
3472,-210
3368,-244
3600,-184
3440,-84
3456,-76
3320,-46
3264,-98
3424,-154
3496,-182
3416,-192
3408,-94
3312,-110
3240,-192
3272,-154
3344,-182
3336,-114
3456,-84
3624,-28
3576,-10
3552,-28
3592,-4
3592,-10
3416,-48
3416,-104
3472,-100
3584,-170
3592,-114
3576,-122
3456,-68
3224,-40
3072,8
3280,-8
3224,8
3336,102
3416,124
3384,110
3216,62
3288,74
3248,74
3504,172
3544,138
3344,110
3320,150
3344,160
3296,166
3128,174
3368,180
3368,188
3088,112
3192,142
3408,130
3392,108
3304,120
3320,114
3192,128
3280,172
3520,146
3408,102
3448,52
3560,40
3576,16
3760,24
3792,-24
3728,56
3744,26
3888,-82
3648,-106
3600,-112
3640,-134
3440,-132
3680,-170
3784,-170
3784,-176
3504,-196
3560,-204
3576,-274
3720,-286
3760,-280
3720,-340
3624,-376
3856,-384
3736,-328
3832,-334
4000,-404
3856,-488
3896,-498
4024,-500
3944,-452
3768,-376
3672,-332
3688,-280
3752,-320
3768,-280
3416,-348
3568,-302
3856,-248
3864,-228
3760,-182
3472,-168
3608,-192
3288,-176
3704,-252
3872,-282
3632,-266
3664,-338
3888,-366
3904,-356
4024,-390
3968,-366
3752,-280
3688,-250
3680,-224
3744,-216
3512,-224
3488,-210
3680,-238
3680,-198
3568,-174
3704,-136
3624,-40
3528,-8
3728,-54
3664,6
3776,-28
3736,-52
3672,-22
3792,8
3520,64
3520,130
3632,168
3456,190
3480,176
3784,198
3680,164
3656,206
3616,238
3432,116
3648,28
3704,-6
3664,20
3672,-36
3760,-102
3376,-170
3376,-162
3416,-172
3392,-174
3240,-176
3280,-232
3296,-198
3320,-200
3256,-172
3112,-214
3352,-226
3336,-216
3320,-234
3296,-340
3320,-326
3408,-288
3400,-306
3408,-238
3448,-350
3352,-344
3424,-268
3504,-258
3520,-266
3424,-282
3512,-248
3480,-256
3752,-212
3336,-176
3360,-148
3440,-188
3376,-88
3456,-138
3352,-188
3328,-208
3408,-228
3464,-200
3280,-182
3240,-192
3392,-176
3312,-202
3312,-224
3368,-206
3368,-238
3304,-218
3376,-218
3328,-288
3360,-278
3384,-296
3232,-324
3448,-364
3320,-362
3432,-284
3472,-224
3464,-220
3296,-246
3328,-250
3560,-256
3384,-244
3408,-294
3480,-268
3400,-252
3352,-250
3448,-280
3360,-296
3312,-258
3336,-210
3416,-200
3600,-180
3520,-86
3648,-90
3408,-102
3296,-94
3200,-38
3464,-50
3432,-208
3712,-242
3640,-250
3760,-228
3696,-226
3544,-272
3448,-320
3632,-388
3640,-406
3704,-372
3432,-348
3496,-392
3544,-322
3320,-348
3720,-350
3632,-392
3600,-390
3544,-434
3616,-424
3664,-400
3672,-410
3416,-432
3488,-380
3328,-394
3448,-408
3544,-418
3400,-394
3464,-400
3576,-414
3560,-422
3360,-330
3504,-328
3552,-278
3544,-280
3488,-198
3520,-256
3552,-232
3576,-218
3552,-180
3592,-140
3568,-128
3600,-144
3616,-142
3744,-222
3552,-226
3560,-214
3376,-206
3528,-178
3384,-176
3584,-222
3680,-226
3544,-194
3440,-200
3448,-256
3536,-230
3568,-234
3512,-132
3808,-204
3768,-206
3560,-220
3568,-200
3536,-212
3536,-220
3448,-210
3544,-72
3536,-66
3320,-160
3544,-140
3496,-170
3568,-170
3752,-176
3840,-212
3776,-224
3504,-222
3752,-176
3632,-172
3520,-226
3296,-244
3376,-234
3560,-206
3368,-152
3416,-228
3504,-132
3520,-140
3424,-124
3600,-142
3536,-204
3408,-144
3488,-152
3696,-162
3528,-116
3448,-64
3312,-98
3568,-70
3584,-72
3488,-12
3560,-20
3496,-28
3512,-98
3376,-88
3408,-64
3576,-150
3576,-102
3376,-96
3272,-116
3400,-124
3424,-62
3400,-80
3320,-42
3272,28
3312,-64
3424,-26
3408,-68
3488,-64
3440,-98
3424,-80
3376,-128
3416,-122
3424,-40
3600,-18
3728,0
3528,78
3688,84
3736,44
3576,48
3592,52
3880,12
3536,-14
3528,14
3464,-14
3512,40
3568,-2
3496,28
3320,106
3344,98
3400,42
3600,26
3584,30
3488,-26
3648,-28
3552,-32
3448,18
3400,68
3360,70
3328,94
3616,158
3440,174
3448,180
3328,210
3384,172
3320,172
3696,112
3536,94
3480,134
3600,86
3472,0
3368,26
3304,-72
3248,-40
3328,-44
3288,-140
3336,-110
3208,-60
3264,-68
3304,4
3272,-26
3208,-36
3088,-90
3160,6
3208,24
3216,0
3296,22
3256,90
3464,50
3280,-28
3392,-104
3360,-188
3424,-266
3560,-240
3360,-150
3248,-98
3248,-82
3240,-30
3280,20
3264,-22
3280,-6
3512,46
3368,138
3224,110
3504,156
3480,130
3584,108
3392,86
3448,126
3648,124
3704,122
3576,152
3520,144
3824,114
3664,86
3608,-18
3536,14
3592,-8
3560,-40
3664,12
3648,-68
3616,-32
3568,34
3816,18
3672,44
3792,-38
3728,-62
3824,-76
3776,-84
3824,-16
3816,-60
3800,-94
3688,-114
3728,-112
3696,-152
3432,-74
3696,-152
3864,-106
3768,10
3704,-46
3840,-54
4064,-32
3912,-42
3656,36
3504,-60
3512,6
3752,28
3648,88
3824,102
3832,144
3632,164
3712,262
3800,184
3936,128
3592,176
3848,194
3984,132
4032,164
3896,170
3872,160
3720,122
3744,132
3704,130
3704,134
3840,180
3632,246
3664,248
3976,264
3856,212
3832,288
3864,208
3952,252
3816,258
3872,210
3992,212
3936,284
3776,246
3888,270
3856,360
3592,378
3616,382
3528,362
3576,388
3824,342
3760,400
3768,440
3696,436
3448,396
3584,450
3456,380
3656,370
3544,350
3496,394
3480,332
3544,324
3384,360
3368,348
3464,384
3360,442
3536,394
3544,376
3320,358
3376,362
3696,266
3584,300
3664,268
3664,256
3696,242
3552,264
3512,224
3640,218
3752,242
3728,208
3768,202
3584,140
3712,104
3640,60
3848,54
3696,-22
3416,58
3352,48
3408,74
3696,24
3680,60
3856,78
3976,74
3864,110
3720,106
3576,34
3296,72
3480,-24
3608,-70
3568,-70
3584,-36
3880,-52
3944,-24
3760,-50
3624,-70
3640,-44
3560,-148
3304,-122
3376,-80
3296,-76
3416,-80
3416,-44
3336,-6
3648,-38
3696,4
3664,-10
3880,-40
3752,-90
3712,-64
3592,-40
3728,54
3536,124
3456,-2
3480,80
3360,2
3344,-14
3472,-18
3504,-16
3528,-18
3680,-84
3512,-64
3648,-100
3464,-72
3568,-72
3592,-48
3784,-58
3656,-122
3488,-142
3528,-4
3616,36
3528,-6
3608,-42
3488,30
3376,-2
3248,-44
3408,-64
3056,-62
3208,-90
3440,-194
3536,-210
3472,-210
3408,-222
3544,-280
3536,-276
3440,-264
3432,-196
3176,-272
3384,-220
3464,-218
3584,-192
3576,-182
3480,-210
3464,-214
3552,-182
3464,-184
3496,-176
3368,-192
3328,-136
3448,-152
3568,-180
3472,-216
3472,-324
3600,-228
3504,-312
3480,-414
3448,-356
3376,-370
3344,-412
3592,-492
3448,-510
3352,-482
3360,-478
3480,-492
3560,-528
3576,-468
3888,-428
3728,-378
3696,-392
3616,-388
3440,-384
3616,-374
3728,-414
3672,-402
3632,-448
3384,-364
3392,-360
3440,-380
3784,-394
3688,-360
3560,-316
3304,-314
3480,-374
3520,-388
3536,-394
3392,-330
3520,-352
3424,-370
3472,-368
3696,-338
3576,-338
3744,-434
3816,-410
3936,-436
3848,-406
3808,-444
3904,-510
3800,-504
3616,-440
3656,-506
3664,-538
3648,-472
3560,-484
3520,-394
3560,-366
3296,-326
3576,-266
3392,-316
3480,-302
3200,-342
3640,-304
3464,-280
3712,-322
3784,-318
3792,-380
3720,-404
3528,-396
3752,-344
3848,-380
3720,-412
3752,-380
3592,-312
3472,-316
3512,-206
3592,-264
3528,-268
3752,-238
3504,-176
3560,-166
3456,-114
3464,-48
3584,0
3496,-26
3664,-8
3736,54
3504,108
3600,56
3656,92
3736,140
3784,94
3688,64
3840,18
3848,2
3864,38
3752,-38
3656,-116
3592,-170
3696,-128
3752,-130
3888,-114
4000,-76
3600,-86
3664,-126
3584,-216
3368,-220
3288,-172
3432,-174
3552,-128
3408,-166
3264,-46
3520,-60
3760,-46
3760,-24
3832,8
3760,48
3744,56
3968,62
3848,52
3784,32
3792,100
3640,44
3592,4
3800,-52
3864,10
3672,-10
3656,66
3656,58
3696,84
3640,86
3728,68
3352,78
3488,102
3600,136
3824,130
3728,80
3480,72
3472,116
3264,52
3456,52
3336,10
3152,22
3240,52
3264,44
3608,138
3472,112
3528,174
3352,190
3312,224
3256,256
3192,294
3208,250
3264,306
3080,368
3000,354
3232,370
3160,294
3144,350
3216,320
3288,318
3376,262
3592,280
3568,284
3712,240
3648,242
3528,242
3448,262
3536,374
3496,378
3608,402
3712,432
3736,516
3536,522
3472,530
3432,536
3432,524
3640,494
3664,476
3592,472
3568,482
3640,466
3816,536
3784,532
3896,584
3808,558
3440,522
3680,616
3504,548
3560,612
3184,554
3448,604
3560,598
3752,686
3960,686
3888,692
3920,646
3696,618
3792,590
3800,604
3696,598
3456,586
3568,574
3328,584
3288,528
3456,520
3440,530
3480,550
3648,598
3432,610
3632,658
3568,656
3704,672
3848,690
3672,636
3832,662
3976,634
3904,598
3816,580
3848,634
3768,582
3608,512
3488,470
3176,336
3336,326
3432,372
3840,356
3848,394
3776,394
3752,296
3752,334
3624,364
3648,342
3704,358
3720,454
3816,458
3656,412
3592,436
3560,480
3584,474
3536,494
3640,520
3560,536
3536,576
3600,588
3520,620
3576,664
3672,708
3568,610
3704,658
3624,632
3352,574
3472,548
3544,494
3656,550
3560,504
3680,494
3760,558
3688,580
3672,580
3832,594
3984,586
3696,520
3528,526
3592,522
3776,450
3680,400
3744,414
3752,398
3648,346
3680,364
3624,374
3728,344
3680,294
3528,306
3584,274
3688,342
3656,352
3800,330
3848,258
3528,246
3600,244
3520,260
3640,284
3736,286
3592,300
3488,310
3720,324
3472,302
3528,260
3616,300
3416,402
3696,472
3880,438
3744,444
3736,408
3776,444
3728,436
3600,400
3696,452
3808,534
3680,464
3456,490
3376,462
3416,458
3464,464
3456,388
3544,388
3656,364
3528,408
3624,432
3320,428
3520,422
3320,316
3320,268
3488,342
3472,422
3664,444
3536,362
3640,426
3720,440
3920,380
3960,384
3720,408
3568,400
3704,340
3608,368
3584,340
3496,304
3384,268
3640,238
3672,246
3680,234
3680,168
3504,210
3544,182
3464,184
3464,192
3496,102
3608,158
3576,114
3704,78
3640,142
3616,92
3648,32
3384,80
3424,54
3472,62
3448,114
3632,124
3488,84
3456,86
3496,114
3360,124
3280,190
3288,192
3352,222
3344,276
3400,232
3336,242
3400,222
3400,210
3352,224
3384,226
3208,234
3408,262
3704,326
3840,376
3800,396
3536,386
3448,314
3448,326
3312,330
3296,306
3288,316
3160,218
3304,244
3336,258
3176,294
3296,292
3400,288
3352,330
3192,314
3128,218
3144,164
3336,214
3360,200
3448,114
3376,56
3464,42
3632,56
3552,70
3608,104
3672,138
3568,130
3520,204
3320,134
3528,138
3704,188
3600,146
3608,198
3800,192
3728,226
3808,248
3648,234
3624,218
3592,244
3640,256
3552,212
3480,310
3584,354
3736,384
3648,298
3656,364
3808,530
3520,510
3640,592
3712,554
3584,522
3496,458
3512,508
3456,506
3576,434
3712,380
3728,422
3840,384
3832,388
3912,364
3520,328
3464,234
3360,210
3272,224
3536,244
3512,242
3408,304
3616,318
3656,294
3688,366
3584,332
3544,332
3464,290
3504,258
3584,260
3640,266
3488,194
3568,164
3496,158
3416,130
3400,148
3496,116
3432,126
3680,40
3496,-52
3256,42
3360,108
3312,126
3520,120
3584,216
3376,244
3144,280
3296,244
3352,200
3536,274
3440,230
3248,104
3448,108
3536,100
3184,116
3416,78
3416,70
3624,118
3608,78
3432,122
3424,56
3472,20
3592,0
3464,-44
3480,12
3752,-24
3576,8
3592,12
3656,-24
3656,-38
3464,14
3488,86
3552,112
3536,130
3616,168
3584,176
3664,186
3464,144
3496,122
3200,72
3576,106
3544,78
3432,72
3480,144
3232,86
3352,60
3576,32
3416,-32
3496,30
3320,74
3264,96
3224,72
3144,106
3296,174
3280,160
3232,208
3320,216
3416,148
3424,110
3496,76
3544,54
3392,40
3352,6
3480,-72
3552,38
3392,22
3280,-36
3448,-50
3496,48
3456,114
3344,168
3256,132
3296,132
3272,158
3384,112
3560,130
3376,162
3752,176
3744,242
3648,282
3440,254
3584,220
3512,216
3424,262
3584,238
3680,256
3784,276
3648,228
3504,140
3392,252
3624,276
3688,254
3624,262
3536,206
3680,226
3616,164
3456,78
3400,46
3384,42
3608,-20
3768,10
3744,-22
3784,-60
3760,-38
3728,-52
3680,0
3752,52
3792,22
3920,38
3760,74
3816,84
3664,122
3680,122
3640,82
3408,30
3496,60
3320,56
3408,122
3424,180
3624,216
3736,280
3688,272
3456,134
3544,156
3568,176
3456,162
3520,126
3496,102
3416,144
3560,160
3664,118
3552,82
3528,104
3552,50
3552,-48
3424,-78
3744,-46
3656,58
3632,-24
3616,-18
3808,-44
4024,-18
3992,-56
4000,-90
3808,-116
3576,-96
3696,-74
3624,-156
3360,-132
3400,-180
3384,-252
3328,-178
3376,-210
3328,-154
3640,-168
3496,-204
3632,-158
3312,-140
3424,-154
3648,-130
3912,-82
3568,-34
3800,-2
3816,-46
3632,-36
3736,6
3656,28
3760,8
3600,-44
3552,30
3608,88
3656,4
3560,62
3432,14
3552,-18
3456,56
3624,90
3496,14
3560,44
3376,84
3592,66
3504,94
3400,8
3336,22
3424,-2
3488,26
3384,74
3480,62
3496,-42
3688,-38
3416,-88
3464,-102
3280,-86
3336,-68
3088,-70
3224,-82
3456,-90
3296,-118
3240,-90
3272,-134
3312,-160
3320,-106
3464,-162
3432,-208
3248,-196
3320,-154
3456,-154
3480,-100
3448,-128
3568,-180
3544,-296
3696,-358
3488,-296
3544,-286
3640,-332
3456,-294
3592,-250
3480,-256
3552,-262
3536,-280
3552,-220
3440,-180
3544,-132
3552,-150
3672,-176
3704,-186
3696,-216
3472,-240
3736,-242
3704,-196
3808,-176
3808,-218
4080,-218
4176,-248
4072,-226
4016,-184
3904,-196
3936,-174
3584,-216
3512,-200
3472,-138
3608,-92
3624,-68
3680,-108
3552,-72
3456,-60
3400,-30
3512,-2
3440,32
3528,26
3632,28
3672,-8
3504,-88
3440,-174
3568,-196
3568,-134
3712,-164
3664,-172
3672,-148
3584,-172
3392,-154
3576,-146
3568,-192
3608,-188
3568,-268
3536,-170
3464,-200
3544,-196
3696,-174
3600,-156
3456,-108
3768,-82
3744,-94
3664,-104
3672,-50
3848,-108
3704,-160
3648,-168
3472,-150
3680,-140
3712,-136
3552,-178
3568,-86
3640,-70
3720,-52
3648,-2
3416,-24
3584,-24
3584,-34
3632,-12
3632,0
3712,-32
3744,-58
3896,-90
3768,-142
3624,-108
3624,-60
3576,-74
3552,-96
3496,-76
3472,-86
3384,-74
3384,-108
3416,-138
3592,-148
3696,-154
3776,-100
3624,-104
3664,-76
3456,-48
3520,18
3600,22
3536,38
3632,44
3520,126
3384,160
3344,134
3416,112
3472,-44
3216,-68
3280,-46
3192,-10
3352,78
3320,94
3320,232
3704,280
3552,336
3616,344
3560,356
3608,288
3568,212
3560,164
3392,226
3440,244
3512,262
3608,336
3560,376
3568,262
3440,270
3488,266
3256,152
3368,184
3264,272
3496,248
3288,202
3440,198
3512,132
3632,160
3760,48
3728,56
3568,86
3496,142
3664,190
3776,138
3728,128
3632,94
3536,126
3560,116
3400,110
3424,56
3584,112
3736,116
3624,144
3592,150
3688,128
3568,102
3520,52
3696,26
3632,80
3760,140
3688,110
3568,44
3520,60
3528,146
3360,118
3312,132
3216,36
3352,34
3472,70
3440,62
3392,78
3504,162
3544,90
3688,22
3584,18
3464,24
3504,-16
3552,62
3584,62
3536,-32
3560,-80
3616,-28
3480,34
3560,50
3352,42
3360,94
3304,72
3168,14
3304,98
3056,-2
3200,38
3464,-22
3504,-40
3472,-28
3568,-68
3448,-184
3384,-228
3424,-232
3264,-258
3328,-190
3624,-238
3504,-272
3568,-290
3416,-186
3584,-178
3704,-148
3744,-134
3360,-102
3576,-64
3392,-60
3632,-128
3432,-108
3560,-108
3584,-102
3616,-132
3544,-176
3568,-88
3640,-64
3520,-66
3504,-44
3304,-22
3400,-16
3496,-26
3448,0
3288,-58
3480,-34
3456,-60
3448,-132
3536,-236
3552,-258
3544,-262
3488,-342
3384,-336
3496,-444
3456,-496
3512,-496
3480,-538
3592,-574
3400,-476
3264,-474
3136,-528
3128,-458
3248,-542
3288,-556
3416,-606
3480,-598
3816,-590
3808,-600
3728,-560
3816,-588
3704,-598
3728,-570
3792,-618
3864,-708
3672,-602
3920,-596
4000,-668
4000,-624
4024,-606
3816,-548
3824,-530
3864,-536
3792,-562
3712,-488
3792,-478
3832,-426
3656,-464
3736,-478
3808,-502
3656,-498
3512,-446
3584,-432
3464,-376
3760,-372
3736,-342
3672,-334
3584,-302
3552,-300
3528,-356
3448,-328
3648,-392
3544,-398
3552,-392
3504,-340
3456,-296
3320,-288
3408,-324
3576,-278
3392,-178
3320,-158
3352,-168
3392,-112
3352,-114
3360,-214
3528,-192
3488,-186
3416,-150
3416,-142
3248,-150
3304,-120
3192,-108
3288,-46
3336,-72
3472,-34
3552,-10
3560,68
3632,30
3568,-12
3496,112
3640,34
3576,-10
3424,-62
3208,-58
3248,-4
3272,-54
3344,-52
3544,-60
3704,-66
3376,-18
3408,-74
3400,-52
3168,-116
3128,-142
3416,-158
3296,-76
3496,-102
3408,-88
3680,-118
3648,-160
3744,-190
3504,-154
3640,-152
3648,-162
3544,-118
3552,-184
3712,-176
3512,-148
3600,-120
3392,-118
3440,-100
3344,-152
3432,-220
3472,-152
3496,-146
3536,-142
3400,-208
3296,-174
3416,-78
3272,-110
3424,-124
3464,-84
3456,-52
3472,-20
3480,0
3344,42
3320,24
3368,-54
3344,-12
3472,22
3456,34
3592,110
3664,76
3496,204
3400,188
3304,152
3608,162
3664,172
3536,250
3472,242
3528,236
3616,234
3392,224
3600,222
3744,212
3504,148
3440,130
3432,144
3496,96
3472,124
3360,164
3464,230
3456,252
3512,246
3448,258
3352,222
3560,252
3800,234
3960,182
3472,202
3544,286
3624,294
3512,308
3640,310
3760,294
3760,310
3672,310
3544,332
3584,334
3520,356
3576,330
3808,322
3640,278
3504,330
3552,334
3288,302
3328,236
3528,230
3352,216
3256,320
3312,334
3304,322
3184,272
3360,276
3280,240
3512,270
3472,282
3296,270
3576,388
3384,284
3616,392
3464,324
3424,274
3264,230
3288,166
3344,138
3416,188
3520,222
3688,264
3648,254
3776,258
3696,306
3736,296
3808,336
3696,342
3704,330
3664,292
3664,280
3848,320
4056,348
4024,320
4008,302
3608,280
3600,306
3792,258
3744,200
3664,184
3608,234
3528,212
3664,200
3472,148
3512,144
3640,102
3448,50
3584,132
3752,134
3800,168
3912,124
3976,78
3792,22
3904,-14
3912,-4
3880,-20
3936,-64
3848,-94
3888,-56
3728,-22
3624,20
3656,40
3672,88
3720,56
3536,-32
3568,-12
3632,22
3664,36
3752,36
3704,2
3656,-58
3552,-50
3760,-46
3728,-88
3624,-32
3416,6
3304,-2
3392,-34
3232,-8
3384,-62
3456,-46
3560,-70
3560,-94
3600,-68
3512,-74
3616,-94
3384,-66
3056,-144
3528,-116
3488,-132
3664,-170
3504,-184
3392,-144
3392,-168
3040,-214
3040,-138
3088,-130
3048,-100
3200,-126
3080,-140
3144,-124
3208,-112
3536,6
3608,-6
3600,-80
3616,-156
3560,-174
3592,-162
3632,-190
3648,-106
3768,-144
3592,-118
3608,-94
3312,-168
3368,-148
3400,-180
3464,-120
3576,-222
3584,-196
3384,-174
3552,-158
3728,-164
3680,-182
3472,-242
3432,-214
3456,-188
3408,-202
3208,-202
3296,-206
3512,-230
3424,-234
3536,-160
3584,-106
3528,-94
3384,-80
3320,-78
3280,-48
3336,-50
3176,-4
3184,32
3216,-2
3040,56
3104,104
3296,104
3504,100
3440,68
3424,120
3576,138
3608,130
3712,174
3744,144
3856,170
3696,154
3560,188
3744,308
3696,288
3624,266
3640,232
3512,216
3480,154
3560,166
3504,248
3504,334
3608,376
3640,364
3736,380
3576,318
3672,360
3744,308
3736,312
3504,330
3368,264
3480,234
3640,286
3560,234
3392,192
3288,102
3312,186
3352,198
3320,252
3384,206
3512,214
3432,174
3560,236
3304,258
3392,250
3544,282
3928,272
3640,260
3616,298
3584,320
3696,344
3520,236
3472,244
3432,228
3560,216
3416,188
3624,130
3672,158
3624,132
3688,188
3864,250
3816,272
3592,262
3648,228
3648,124
3392,152
3440,112
3448,140
3576,150
3424,184
3432,240
3448,228
3536,232
3600,214
3648,234
3592,312
3624,382
3512,346
3736,366
3792,368
3840,332
4056,408
3880,398
3888,432
3920,486
3776,492
3728,448
3704,446
3720,478
3584,470
3536,526
3648,558
3576,464
3616,480
3792,456
3680,408
3616,456
3784,490
3760,484
3576,382
3736,418
3632,400
3624,392
3864,396
3904,470
3784,422
3688,434
3504,414
3440,392
3608,350
3480,360
3608,294
3712,294
3712,286
3760,332
3648,388
3512,324
3584,304
3600,334
3576,302
3640,320
3544,344
3496,310
3456,302
3592,366
3456,402
3744,480
3824,504
3832,500
3368,410
3616,450
3432,444
3456,410
3456,442
3400,440
3480,510
3616,524
3776,522
3648,580
3560,522
3480,542
3208,436
3352,464
3232,432
3592,488
3640,458
3448,452
3600,534
3912,584
3920,478
3768,514
3688,548
3792,492
3680,494
3888,530
3904,488
3792,402
3680,440
3624,508
3744,562
3576,526
3576,530
3520,538
3512,566
3696,652
3592,664
3512,678
3776,704
3720,690
3672,714
3632,634
3576,668
3728,718
3848,678
3824,674
3688,666
3560,628
3536,640
3664,718
3840,702
3760,604
3872,586
3840,578
3752,582
3400,554
3688,594
3584,596
3624,608
3632,558
3512,574
3632,610
3520,642
3496,606
3568,600
3752,668
3752,652
3856,654
3792,686
4008,704
4128,686
4024,636
4080,596
4024,678
4176,728
4288,762
4136,766
4032,792
3896,752
3976,704
3752,694
3808,732
3896,714
3864,698
3800,716
3736,700
3808,676
4096,656
4104,676
3848,656
3704,608
3856,610
3784,602
3624,570
3456,540
3552,476
3504,498
3376,468
3488,502
3472,500
3536,490
3520,516
3456,508
3408,498
3376,546
3672,600
3368,520
3496,544
3528,552
3648,616
3680,548
3608,522
3696,556
3800,522
3872,580
3744,436
3736,458
3768,508
3808,482
3712,448
3800,430
3912,378
3848,400
3864,378
3760,424
3688,424
3760,416
3656,424
3768,336
3744,258
3728,336
3640,306
3768,294
3784,314
3800,424
3760,384
3608,366
3584,296
3720,322
3768,312
3600,288
3432,210
3512,204
3624,238
3688,194
3656,310
3824,280
3800,234
3736,216
3880,212
3752,178
3568,158
3696,162
3560,126
3560,152
3560,178
3448,188
3504,286
3368,266
3288,262
3168,218
3208,198
3128,210
3400,280
3472,392
3360,376
3424,408
3432,446
3328,400
3344,356
3392,414
3480,466
3648,494
3712,500
3704,418
3552,354
3384,298
3464,336
3560,304
3616,298
3352,236
3264,274
3440,276
3336,274
3480,246
3368,290
3312,264
3600,304
3904,316
3776,334
3800,308
3848,352
3904,308
4008,244
3840,232
3624,138
3648,202
3624,210
3336,166
3168,48
3160,4
2816,36
3144,106
3264,106
3136,16
3264,-38
3440,-82
3376,-86
3368,-152
3512,-196
3504,-160
3504,-160
3584,-134
3664,-104
3656,-94
3696,-78
3656,-14
3544,-24
3584,44
3400,66
3608,68
3568,84
3336,100
3472,118
3312,48
3384,106
3256,42
3400,40
3320,54
3296,64
3416,88
3520,82
3568,2
3496,-58
3536,-76
3624,-44
3400,-4
3424,-26
3320,-48
3304,18
3544,42
3384,92
3376,152
3360,108
3344,90
3608,176
3488,224
3488,210
3464,196
3656,194
3608,208
3632,192
3528,244
3392,228
3400,226
3328,310
3296,278
3552,258
3448,264
3472,318
3320,284
3176,272
3344,322
3280,282
3400,256
3472,266
3624,278
3400,270
3488,316
3368,258
3312,202
3512,230
3656,332
3600,384
3320,360
3352,380
3552,324
3552,326
3456,378
3544,372
3440,360
3504,414
3616,390
3480,308
3552,340
3568,396
3416,312
3336,316
3520,398
3656,436
3952,394
3712,332
3824,368
3592,384
3696,276
3840,276
3672,298
3704,248
3832,334
4016,368
3688,278
3608,262
3784,214
3600,228
3416,208
3520,238
3624,210
3376,228
3424,278
3536,278
3696,272
3400,248
3656,244
3624,216
3664,178
3520,206
3504,280
3504,210
3392,164
3408,170
3344,240
3304,304
3048,238
3280,302
3424,296
3536,330
3696,282
3624,272
3792,378
3784,372
3592,314
3600,300
3456,264
3528,250
3600,284
3392,250
3480,230
3408,272
3232,280
3352,200
3464,168
3880,192
3576,212
3672,226
3600,194
3696,186
3656,188
3568,132
3752,160
3624,198
3848,198
3680,152
3744,150
3608,92
3592,164
3304,216
3416,124
3280,126
3504,40
3480,94
3416,206
3624,204
3616,184
3696,190
3600,162
3376,152
3472,224
3320,170
3392,164
3472,184
3568,156
3736,212
3600,238
3744,246
3552,222
3576,208
3384,262
3480,292
3344,238
3256,140
3336,110
3512,152
3752,206
3456,138
3464,64
3424,56
3512,36
3288,14
3392,70
3440,14
3280,54
3352,20
3520,-100
3440,-146
3376,-162
3216,-110
3448,-194
3472,-136
3384,-96
3496,-106
3584,-146
3480,-130
3616,-86
3760,-114
3760,-52
3664,-56
3464,-48
3496,-112
3584,-186
3528,-120
3640,-112
3624,-136
3600,-144
3520,-158
3536,-224
3344,-198
3344,-224
3472,-268
3408,-188
3448,-246
3480,-262
3512,-306
3584,-384
3552,-358
3656,-366
3752,-360
3640,-384
3664,-336
3616,-342
3584,-336
3712,-356
3680,-346
3712,-280
3704,-312
3528,-324
3776,-324
3712,-352
3600,-328
3280,-238
3496,-178
3592,-170
3344,-148
3584,-138
3752,-156
3680,-94
3528,-92
3392,-46
3456,-42
3336,-30
3416,-12
3520,-6
3520,18
3424,-78
3576,-58
3520,-38
3208,-54
3200,-148
3200,-102
3344,-100
3112,-66
3232,-74
3536,-48
3328,-16
3296,-34
3176,-16
3496,8
3400,4
3512,-52
3416,-38
3384,-26
3464,28
3304,2
3408,-52
3432,-50
3584,-86
3408,-86
3464,-74
3544,-88
3688,-44
3504,-58
3224,-30
3384,22
3440,-46
3688,24
3920,48
3960,16
3576,-4
3704,-6
3400,-66
3448,-130
3440,-82
3352,-100
3504,-104
3648,-156
3568,-234
3560,-168
3552,-172
3808,-236
3832,-254
3592,-234
3600,-248
3456,-236
3848,-264
3760,-292
3704,-308
3752,-332
3808,-338
3648,-390
3512,-406
3448,-336
3424,-370
3456,-380
3536,-396
3624,-432
3720,-476
3736,-428
3672,-368
3696,-356
3376,-302
3696,-332
3592,-344
3776,-418
3776,-370
3656,-376
3952,-362
3712,-276
3616,-290
3672,-218
3656,-184
3656,-188
3664,-246
3664,-310
3768,-256
3624,-264
3336,-252
3264,-142
3328,-150
3520,-164
3336,-120
3208,-50
3040,-24
3256,-70
3216,-78
3608,-60
3888,-114
3704,-148
3808,-146
3832,-240
3736,-242
3648,-270
3472,-296
3360,-272
3368,-214
3480,-220
3616,-200
3640,-194
3624,-150
3856,-168
3712,-186
3656,-172
3464,-192
3520,-230
3712,-178
3784,-128
3624,-120
3536,-152
3496,-132
3576,-130
3424,-76
3472,-140
3616,-110
3632,-140
3720,-150
3496,-144
3576,-192
3640,-224
3728,-176
3560,-172
3552,-224
3640,-168
3432,-214
3496,-174
3472,-168
3536,-174
3392,-142
3312,-106
3120,-70
3376,-104
3264,-10
3240,12
3368,14
3376,14
3656,26
3504,90
3624,96
3712,58
3704,66
3656,86
3656,98
3480,124
3480,164
3576,86
3456,70
3384,34
3312,56
3544,58
3472,36
3352,8
3560,24
3504,-8
3504,-50
3496,-42
3448,-32
3448,-74
3704,-58
3768,-14
3704,-34
3632,-90
3776,-6
3440,20
3416,-56
3408,-4
3208,10
3360,26
3400,10
3568,-38
3608,-50
3528,-18
3360,-42
3288,94
3216,60
3368,72
3504,40
3464,-26
3512,-26
3704,46
3584,66
3624,76
3408,110
3464,112
3544,104
3432,34
3472,74
3248,38
3304,24
3368,66
3280,66
3504,136
3384,152
3400,166
3536,184
3488,134
3504,144
3520,182
3416,192
3600,228
3560,208
3480,246
3432,274
3504,308
3488,262
3640,178
3400,154
3344,122
3400,114
3640,48
3784,72
3672,72
3832,146
3536,112
3656,84
3600,116
3424,154
3368,172
3280,196
3304,240
3328,250
3528,246
3336,282
3424,248
3392,226
3360,198
3568,228
3560,234
3760,292
3736,272
3656,262
3552,256
3560,210
3528,258
3488,214
3520,196
3408,196
3416,222
3432,218
3392,150
3224,144
3416,196
3264,202
3576,228
3392,186
3336,174
3040,144
3128,142
3040,166
3120,180
3320,240
3256,270
3136,250
3400,178
3504,154
3520,130
3432,134
3464,196
3496,252
3336,230
3528,142
3416,156
3496,168
3360,110
3432,100
3608,108
3672,138
3640,62
3640,84
3616,102
3672,124
3696,106
3776,104
3680,90
3592,102
3472,72
3360,74
3584,70
3536,36
3240,52
3312,40
3344,-16
3480,22
3528,-4
3528,52
3448,62
3480,100
3584,136
3376,88
3312,68
3400,68
3496,84
3432,26
3480,34
3280,72
3496,32
3544,34
3512,-8
3688,64
3704,90
3576,58
3832,124
3800,176
3736,150
3600,68
3624,130
3648,80
3360,52
3464,14
3360,-42
3368,40
3496,-2
3696,-8
3760,24
3480,-32
3232,-98
3408,-146
3368,-132
3408,-206
3640,-168
3376,-136
3488,-146
3616,-130
3424,-74
3264,-94
3336,-106
3432,-42
3424,-54
3304,-38
3464,-2
3520,16
3520,-24
3464,-10
3280,114
3192,130
3296,122
3360,138
3336,138
3408,118
3392,186
3368,184
3576,238
3536,228
3304,238
3400,230
3544,230
3616,210
3496,186
3480,180
3376,132
3520,184
3232,124
3472,220
3672,270
3616,274
3664,276
3488,230
3632,200
3424,208
3544,240
3512,208
3480,140
3320,172
3520,184
3368,184
3352,176
3304,124
3400,98
3336,80
3128,86
3536,20
3360,-12
3288,-22
3344,44
3328,-12
3216,14
3408,-18
3312,-40
3472,-62
3448,-32
3544,-44
3608,-60
3456,-26
3240,-16
3280,-82
3192,-124
3312,-192
3264,-208
3200,-224
3408,-258
3296,-348
3232,-324
3376,-240
3104,-272
3056,-290
3104,-210
3072,-186
3016,-180
3024,-204
3352,-208
3216,-210
3320,-138
3320,-148
3264,-222
3184,-206
3496,-224
3432,-234
3488,-240
3464,-278
3464,-274
3448,-304
3488,-290
3480,-260
3456,-246
3520,-268
3712,-304
3496,-314
3424,-296
3480,-320
3576,-294
3616,-334
3712,-348
3560,-334
3496,-288
3592,-376
3424,-334
3560,-424
3464,-414
3360,-342
3472,-370
3496,-344
3536,-366
3560,-476
3552,-384
3584,-392
3304,-388
3464,-408
3368,-340
3424,-312
3544,-256
3440,-326
3384,-310
3544,-322
3304,-290
3448,-366
3504,-326
3544,-344
3528,-314
3784,-270
3400,-266
3488,-220
3512,-196
3448,-264
3520,-258
3464,-272
3320,-290
3360,-314
3392,-270
3288,-250
3568,-294
3448,-206
3448,-274
3456,-300
3640,-358
3464,-278
3584,-240
3736,-308
3496,-302
3480,-368
3576,-388
3680,-394
3600,-332
3528,-232
3448,-244
3656,-208
3576,-216
3624,-252
3288,-192
3568,-178
3504,-240
3568,-278
3296,-186
3536,-254
3656,-228
3528,-146
3472,-72
3576,-130
3544,-130
3592,-110
3632,-84
3672,-52
3488,-118
3360,-62
3416,-92
3256,-36
3432,-82
3312,-92
3280,-48
3248,-70
3496,-132
3384,-136
3488,-54
3640,-64
3496,-98
3488,-72
3688,-56
3360,-32
3344,-4
3504,38
3488,-12
3240,-18
3568,-12
3640,-114
3424,-96
3360,-134
3672,-172
3592,-138
3608,-78
3480,-104
3448,-168
3392,-212
3568,-228
3336,-312
3392,-298
3600,-272
3456,-268
3416,-264
3384,-216
3480,-202
3656,-218
3640,-130
3432,-84
3512,-188
3336,-214
3424,-182
3664,-254
3384,-264
3240,-306
3168,-374
3360,-426
3416,-358
3224,-292
3464,-230
3640,-224
3448,-232
3224,-254
3480,-300
3288,-254
3480,-246
3272,-244
3480,-206
3336,-160
3384,-110
3544,-194
3576,-208
3504,-304
3488,-296
3712,-228
3576,-108
3528,-114
3440,-102
3320,-138
3224,-76
3424,-2
3640,-62
3560,-166
3408,-188
3464,-188
3360,-180
3472,-218
3288,-212
3384,-278
3496,-240
3448,-240
3272,-176
3296,-122
3336,-198
3336,-154
3128,-168
3312,-252
3408,-314
3480,-370
3400,-336
3376,-236
3440,-206
3392,-238
3280,-224
3280,-240
3144,-252
3384,-274
3560,-342
3392,-280
3536,-272
3488,-272
3512,-250
3416,-230
3440,-258
3400,-290
3368,-266
3728,-272
3552,-284
3464,-272
3608,-302
3688,-282
3648,-288
3656,-332
3472,-284
3536,-322
3584,-242
3664,-194
3904,-210
3680,-190
3576,-196
3400,-172
3432,-120
3576,-124
3504,-64
3368,-72
3544,-116
3552,-72
3440,-92
3504,-42
3672,-56
3720,32
3600,42
3608,54
3688,70
3552,82
3480,128
3464,136
3464,16
3272,88
3496,138
3480,98
3432,94
3480,108
3432,102
3368,156
3336,174
3328,80
3112,104
3392,194
3616,226
3512,264
3480,250
3552,274
3488,280
3392,246
3448,248
3672,282
3424,252
3368,234
3392,248
3272,208
3424,132
3600,120
3368,118
3456,168
3352,230
3528,248
3456,212
3328,168
3224,192
3232,152
3288,156
3288,208
3560,222
3696,312
3504,360
3368,278
3320,222
3416,208
3184,226
3288,210
3368,282
3528,316
3680,418
3600,352
3632,340
3528,300
3544,262
3592,278
3368,288
3304,284
3224,242
3256,292
3544,362
3328,344
3280,372
3448,352
3400,330
3464,298
3640,302
3424,328
3464,302
3608,222
3592,242
3576,276
3552,318
3648,264
3560,228
3704,304
3472,380
3368,400
3376,296
3456,348
3512,364
3408,322
3416,270
3288,272
3624,300
3576,232
3592,282
3608,338
3616,274
3584,318
3544,308
3640,340
3872,340
3696,360
3544,436
3608,434
3832,464
3848,478
3944,422
3760,426
3664,424
3696,416
3560,382
3608,408
3792,422
3760,414
3832,440
3752,474
4000,528
3856,524
3680,542
3552,544
3440,478
3704,474
3632,476
3480,360
3744,316
3728,352
3400,422
3232,398
3272,374
3232,356
3216,362
3232,344
3400,292
3288,252
3344,146
3360,112
3344,154
3304,134
3112,84
3216,-20
3176,24
3304,14
3056,24
3104,-2
3352,-54
3608,-160
3376,-162
3448,-264
3560,-258
3560,-246
3416,-260
3360,-220
3536,-294
3376,-274
3648,-314
3472,-200
3448,-296
3456,-358
3416,-326
3432,-412
3600,-438
3600,-420
3584,-368
3544,-412
3352,-368
3464,-412
3376,-394
3512,-460
3624,-468
3568,-442
3408,-468
3320,-580
3152,-570
3280,-494
3352,-574
3440,-648
3472,-628
3496,-566
3384,-622
3488,-626
3544,-678
3368,-586
3272,-534
3232,-546
3120,-540
3192,-534
3528,-640
3744,-632
3616,-640
3624,-668
3744,-640
3480,-626
3712,-646
3728,-640
3560,-622
3736,-552
3696,-486
3664,-500
3816,-564
3928,-602
3896,-550
3848,-544
3632,-558
3528,-504
3704,-556
3616,-590
3512,-582
3768,-606
3776,-546
3808,-590
3688,-510
3632,-500
3536,-490
3352,-450
3368,-476
3496,-466
3456,-516
3760,-562
3584,-462
3520,-498
3432,-410
3384,-416
3536,-354
3520,-348
3496,-370
3448,-352
3544,-394
3456,-426
3736,-434
3808,-434
3904,-488
3624,-412
3792,-452
3608,-418
3576,-426
3656,-418
3552,-434
3784,-366
3520,-364
3456,-268
3432,-290
3544,-308
3440,-280
3576,-284
3640,-280
3704,-216
3656,-252
3632,-240
3824,-246
4008,-276
3768,-270
3856,-288
3848,-324
3680,-300
3624,-330
3784,-358
3640,-296
3568,-356
3472,-336
3456,-332
3584,-360
3728,-352
3752,-352
3632,-242
3504,-250
3672,-248
3544,-204
3576,-266
3480,-214
3560,-212
3448,-154
3440,-116
3168,-94
3312,-48
3360,-116
3648,-118
3600,-156
3536,-102
3528,-114
3416,-154
3288,-212
3272,-226
3480,-252
3400,-232
3296,-274
3376,-178
3448,-106
3376,-160
3528,-168
3504,-162
3640,-230
3584,-188
3504,-178
3408,-162
3576,-152
3472,-118
3560,-108
3672,-56
3560,-18
3608,-46
3512,-40
3416,-100
3560,-56
3288,-76
3472,-112
3456,-128
3576,-110
3592,-124
3664,-62
3336,-76
3104,-44
3288,-84
3512,-94
3232,-116
3248,-120
3408,-76
3256,-106
3376,-140
3336,-144
3328,-106
3296,-56
3400,-44
3584,-78
3632,-130
3608,-138
3536,-108
3704,-42
3792,-126
3744,-42
3544,-74
3624,-60
3720,-32
3704,-110
3592,-46
3448,-98
3424,-118
3536,-128
3616,-116
3408,-176
3528,-140
3632,-134
3416,-94
3552,-122
3616,-204
3528,-104
3592,-150
3304,-102
3320,-94
3560,-118
3512,-74
3424,-126
3464,-154
3568,-194
3432,-138
3368,-200
3368,-200
3496,-218
3352,-200
3568,-198
3528,-154
3616,-100
3392,-146
3512,-170
3600,-156
3496,-156
3408,-102
3448,-92
3584,-76
3400,-40
3448,-42
3384,-26
3200,-18
3176,-38
3192,-22
3024,8
3296,80
3088,126
3168,140
3240,172
3304,174
3416,224
3328,212
3376,124
3552,168
3512,180
3600,214
3544,190
3528,190
3320,184
3264,158
3568,260
3504,264
3440,302
3592,316
3552,452
3472,476
3600,384
3504,398
3536,418
3400,402
3376,432
3448,484
3472,408
3312,430
3352,432
3096,438
3256,424
3376,430
3416,330
3336,268
3240,284
3328,334
3320,266
3440,330
3368,298
3600,304
3576,264
3472,212
3384,248
3408,274
3400,334
3328,344
3392,348
3200,384
3168,394
3408,350
3520,454
3576,484
3616,522
3560,502
3600,498
3496,448
3440,474
3328,392
3392,398
3376,418
3312,416
3728,472
3760,514
3256,408
3200,360
3472,314
3368,302
3680,304
3680,286
3576,268
3456,318
3224,258
3288,270
3512,288
3640,344
3648,300
3688,318
3800,234
3568,290
3624,328
3552,318
3336,258
3304,132
3328,76
3440,70
3120,32
3392,-8
2952,12
3160,-14
3344,10
3224,32
3560,96
3488,84
3408,66
3240,102
3288,0
3400,42
3800,32
3624,92
3584,198
3592,164
3624,210
3600,194
3632,116
3560,64
3384,62
3448,102
3440,124
3560,122
3384,174
3328,230
3424,78
3512,132
3480,176
3376,214
3536,186
3320,214
3424,256
3312,236
3112,154
3256,140
3464,122
3304,82
3608,98
3264,110
3416,22
3520,106
3336,102
3344,100
3304,90
3248,148
3464,112
3408,146
3256,196
3544,198
3416,40
3440,90
3144,62
3192,66
3224,22
3384,8
3352,30
3320,56
3384,-30
3224,24
3200,46
3200,34
3192,-50
3144,-38
3200,-2
3464,-10
3368,-30
3216,-2
3352,14
3352,66
3240,20
3176,-80
3232,-134
3568,-136
3592,-104
3848,-164
3808,-156
3752,-86
3464,-52
3640,-68
3472,-10
3536,-50
3656,-4
3472,-4
3424,26
3544,76
3472,20
3304,-66
3384,-60
3480,-60
3544,2
3592,-10
3560,26
3456,-44
3584,-46
3616,18
3640,-20
3696,20
3712,10
3568,10
3384,86
3408,84
3760,44
3608,26
3584,66
3552,38
3608,132
3544,122
3512,106
3768,130
3536,158
3560,226
3304,180
3208,180
3512,154
3760,226
3792,228
3656,254
3552,238
3536,270
3568,290
3560,250
3504,240
3432,248
3592,214
3552,164
3440,234
3344,272
3488,286
3440,296
3496,284
3360,260
3232,208
3256,230
3488,298
3576,264
3464,274
3328,208
3288,160
3176,116
3248,122
3376,46
3352,42
3032,34
3200,-12
3504,-36
3440,-54
3464,30
3376,40
3520,60
3280,36
3504,42
3536,16
3408,80
3224,60
3456,82
3368,128
3264,202
3288,216
3520,218
3576,262
3760,256
3712,160
3856,204
3840,230
3904,224
3648,198
3784,158
3784,200
3672,232
3552,268
3328,192
3344,188
3360,246
3592,186
3440,186
3576,234
3360,240
3520,274
3432,204
3568,212
3328,208
3352,216
3512,180
3368,258
3336,240
3576,288
3624,324
3568,340
3656,346
3568,348
3592,396
3536,352
3448,352
3576,274
3464,290
3328,278
3152,174
3280,222
3288,158
3296,204
3528,150
3712,200
3688,212
3488,230
3504,198
3608,112
3320,188
3432,182
3704,176
3416,170
3440,152
3528,192
3360,192
3400,318
3384,354
3360,336
3352,284
3320,362
3512,378
3368,414
3384,334
3360,320
3336,354
3592,334
3560,318
3552,336
3320,280
3368,306
3536,316
3600,364
3416,308
3472,302
3448,340
3616,358
3560,420
3416,428
3392,442
3752,420
3648,430
3608,420
3560,398
3384,402
3416,370
3464,430
3544,472
3608,468
3472,440
3648,474
3672,484
3648,484
3680,446
3568,424
3400,396
3520,438
3584,474
3328,502
3312,406
3376,452
3504,486
3392,430
3464,472
3552,512
3512,502
3696,408
3600,398
3608,424
3552,390
3600,406
3744,426
3728,396
3496,370
3432,370
3664,428
3584,402
3672,424
3680,422
3808,394
3952,412
3904,392
3896,332
3688,246
3448,250
3496,188
3448,244
3264,282
3192,304
3280,336
3408,362
3520,282
3288,278
3288,210
3424,300
3472,286
3656,316
3624,296
3744,352
3776,458
3648,400
3640,400
3936,512
3616,520
3952,536
3752,454
3552,394
3488,436
3520,456
3560,472
3592,396
3616,330
3592,352
3784,348
3952,372
3808,400
3768,446
3744,432
3784,450
3512,432
3672,480
3544,424
3616,474
3752,580
3808,588
3944,652
3816,630
3712,578
3760,574
3728,624
3552,574
3640,562
3704,534
3672,472
3640,470
3544,442
3608,480
3632,480
3688,488
3768,608
3792,552
3848,514
3792,470
3824,498
3872,516
3984,516
3824,522
3824,524
3776,498
3672,468
3680,360
3584,326
3656,370
3560,320
3552,292
3448,324
3504,388
3600,490
3560,492
3472,514
3408,478
3496,470
3440,464
3600,428
3416,368
3624,356
3328,368
3312,370
3376,398
3336,376
3664,408
3536,408
3344,446
3656,454
3696,450
3864,482
3752,460
3592,434
3552,418
3600,368
3480,376
3472,398
3592,390
3544,416
3432,382
3640,376
3768,362
3728,332
3848,278
3904,268
3896,262
3696,230
3664,300
3536,352
3960,392
3696,380
3720,422
3728,450
3688,474
3656,418
3712,412
3744,442
3656,448
3504,524
3656,520
3600,486
3560,486
3624,458
3656,500
3608,564
3720,622
3704,624
3792,678
3752,676
3648,684
3584,676
3776,732
3984,720
3856,688
3856,732
3944,728
3824,710
3760,654
3616,620
3752,714
3632,772
3672,832
4016,904
4120,924
3888,834
3848,844
3720,778
3432,678
3488,704
3424,698
3464,686
3544,658
3512,694
3352,626
3624,674
3536,666
3464,636
3512,642
3488,612
3408,648
3664,670
3664,698
3592,710
3720,696
3808,676
3960,702
3912,776
3736,760
3784,720
3688,636
3680,608
3840,664
3856,664
3824,670
3456,672
3768,692
3720,706
3504,732
3576,726
3560,612
3688,624
3672,644
3984,676
3760,664
3856,650
3624,564
3552,542
3480,570
3472,624
3480,552
3712,558
3792,534
3656,492
3552,512
3656,560
3712,548
3816,548
3696,480
3776,522
3856,594
3704,560
3880,578
3592,512
3368,522
3400,488
3488,464
3632,486
3816,428
3712,446
3736,502
3768,474
3688,476
3712,502
3624,438
3432,358
3480,378
3536,494
3600,538
3672,496
3632,504
3456,454
3424,408
3504,448
3416,444
3504,456
3520,526
3384,518
3616,498
3608,504
3600,490
3248,396
3464,368
3392,396
3128,384
3336,460
3336,404
3304,434
3424,366
3536,428
3360,424
3336,460
3464,492
3360,444
3328,490
3400,526
3528,584
3592,528
3512,494
3392,526
3432,526
3664,548
3736,656
3872,690
3936,618
3616,608
3728,628
3632,646
3672,630
3632,680
3792,678
3840,738
3712,700
3928,700
4136,726
4128,748
3936,714
3952,744
3776,764
3792,686
3576,698
3600,720
3544,708
3776,754
3880,830
3824,746
4000,818
4072,864
4120,850
3976,778
3904,754
3824,810
3776,772
3848,738
3872,772
4008,794
3944,778
3784,730
3648,672
3592,650
3640,646
3632,640
3608,662
3568,682
3768,708
3800,710
3736,628
3792,576
3736,544
3704,534
3688,572
3704,578
3744,588
3448,486
3440,454
3600,540
3576,528
3536,574
3552,584
3512,532
3632,526
3488,480
3368,468
3256,414
3192,354
3280,352
3216,320
3328,356
3480,388
3552,380
3544,324
3424,384
3584,394
3464,474
3680,410
3704,394
3664,372
3720,436
3776,392
3664,470
3592,458
3480,464
3664,486
3656,484
3696,478
3608,456
3736,488
3624,484
3752,452
3952,498
3592,410
3552,378
3240,294
3384,394
3288,380
3448,342
3352,352
3632,390
3576,414
3360,318
3456,302
3432,278
3480,268
3360,178
3440,144
3536,184
3432,160
3232,188
3232,172
3336,158
3344,156
3320,164
3416,210
3192,184
3240,204
3056,196
3248,190
3208,126
3144,92
3296,76
3560,70
3296,110
3456,164
3672,168
3448,192
3480,212
3504,204
3520,198
3792,164
3440,96
3496,94
3680,76
3568,78
3536,136
3416,154
3584,200
3624,144
3560,114
3600,78
3448,76
3648,112
3640,70
3408,124
3496,190
3408,168
3552,118
3432,90
3368,112
3256,142
3328,102
3176,52
3072,32
3048,-48
3208,-78
3264,-126
3224,-120
3344,-108
3200,-54
3400,16
3384,-18
3608,-42
3264,12
3248,74
3360,6
3384,-80
3288,-30
3208,-38
3384,-24
3440,-78
3488,-36
3456,-50
3304,-70
3320,-6
3256,42
3296,48
3440,18
3160,82
3280,14
3480,120
3360,64
3408,-34
3536,-56
3504,24
3528,88
3672,110
3672,212
3552,184
3576,160
3872,184
3968,156
3808,158
3864,102
3736,68
3624,2
3600,-30
3472,-62
3400,-24
3544,-14
3560,62
3608,68
3568,102
3496,126
3448,90
3368,76
3384,118
3536,124
3576,80
3584,136
3552,240
3712,248
3720,308
3768,438
3752,426
3728,394
3760,374
3792,440
3800,406
3664,366
3656,332
3512,378
3584,376
3560,364
3464,352
3400,282
3600,284
3392,178
3264,160
3136,214
3120,236
3104,154
3080,68
3312,66
3344,28
3440,24
3440,40
3392,110
3560,138
3232,156
3264,114
3488,104
3648,46
3760,80
3776,122
3648,162
3696,168
3496,138
3496,102
3536,70
3552,-6
3464,76
3416,94
3312,82
3192,152
3304,154
3248,250
3224,288
3208,290
3232,188
3272,230
3376,194
3432,144
3664,106
3440,160
3624,204
3576,256
3584,272
3632,294
3656,234
3816,214
3664,258
3648,232
3616,214
3536,214
3656,182
3632,202
3840,264
3592,230
3608,232
3608,260
3704,324
3768,376
3864,394
3952,330
3648,280
3440,230
3480,188
3440,144
3472,158
3624,142
3568,184
3552,122
3648,132
3680,132
3832,96
3696,88
3664,190
3608,188
3608,214
3608,208
3368,214
3656,144
3712,178
3696,104
3680,158
3752,140
3568,102
3648,94
3664,24
3632,-60
3768,38
3672,58
3648,74
3712,98
3544,134
3384,148
3328,64
3136,56
3216,144
3128,132
3232,226
3408,296
3696,302
3760,292
3768,386
3624,370
3576,444
3760,442
3816,498
3880,596
4080,652
3800,614
3880,644
3728,588
3872,606
3816,596
3712,608
3624,608
3552,606
3568,614
3736,600
3872,700
3936,658
3912,628
3712,628
3920,652
3896,652
3896,684
3928,656
3760,604
3648,586
3672,610
3952,626
3520,606
3560,572
3496,522
3424,496
3432,450
3592,458
3520,514
3456,466
3424,464
3576,416
3344,338
3216,292
3496,300
3560,302
3560,280
3504,290
3488,412
3392,438
3504,410
3720,396
3776,430
3736,522
3704,514
3792,510
3840,500
3752,474
3600,430
3504,418
3728,410
3528,354
3352,332
3296,316
3464,358
3256,318
3488,374
3440,354
3544,400
3608,382
3536,430
3768,434
3792,394
3704,402
3696,398
3656,336
3552,396
3368,382
3648,346
3704,374
3632,378
3632,378
3784,358
3640,362
3704,358
3792,372
3768,338
3672,278
3664,322
3832,356
3688,324
3760,294
3680,296
3704,340
3632,334
3744,360
3568,404
3728,424
3472,348
3608,274
3576,246
3768,338
3872,340
3432,262
3472,264
3520,274
3728,244
3392,232
3496,250
3504,274
3576,264
3600,230
3448,146
3120,162
3560,68
3816,58
3928,80
3928,120
3736,152
3664,166
3824,100
3688,134
3680,176
3456,98
3384,76
3424,50
3592,96
3496,126
3520,98
3472,116
3408,72
3424,80
3528,54
3600,66
3648,66
3400,22
3480,72
3400,6
3544,-52
3376,-64
3656,-64
3552,-98
3448,-74
3480,-90
3512,-50
3464,-46
3536,-82
3408,-170
3304,-152
3248,-142
3384,-192
3344,-128
3456,-136
3640,-174
3864,-62
3696,-12
3440,-76
3336,-46
3416,-30
3424,-10
3392,-64
3600,-110
3688,-84
3656,-26
3704,-28
3680,-22
3808,-74
3376,-110
3632,-138
3552,-150
3520,-210
3688,-182
3672,-184
3704,-204
3680,-222
3808,-266
3888,-234
3888,-172
3800,-154
3880,-182
3808,-226
3864,-198
3688,-184
3672,-148
3616,-214
3584,-188
3664,-234
3432,-238
3464,-266
3568,-254
3560,-236
3864,-246
3656,-194
3544,-150
3400,-160
3656,-110
3720,-160
3520,-194
3432,-288
3552,-296
3504,-242
3496,-284
3536,-310
3160,-234
3304,-270
3312,-278
3432,-230
3440,-212
3376,-214
3584,-222
3552,-242
3648,-202
3512,-186
3672,-200
3344,-164
3384,-190
3328,-158
3176,-124
3176,-160
3328,-92
3096,-82
3256,-74
3320,-156
3304,-220
3168,-194
3320,-248
3432,-292
3256,-268
3528,-226
3648,-314
3648,-302
3584,-378
3608,-426
3496,-438
3696,-470
3672,-406
3600,-452
3616,-430
3608,-438
3712,-366
3736,-396
3728,-424
3640,-508
3704,-426
3632,-360
3592,-396
3472,-434
3448,-436
3664,-452
3720,-440
3680,-444
3824,-426
3728,-338
3776,-376
3480,-306
3440,-290
3320,-230
3184,-186
3464,-182
3536,-144
3736,-18
3544,-70
3376,-30
3584,-50
3640,-14
3728,-16
3960,12
3920,22
3928,82
3752,84
3888,114
3728,154
3624,106
3648,80
3840,144
3712,186
4016,120
3824,72
3752,56
3664,78
3536,98
3520,64
3592,118
3512,108
3480,120
3568,86
3744,84
3704,140
3688,138
3616,140
3560,150
3456,160
3552,168
3672,144
3688,106
3776,130
3816,154
3424,156
3312,252
3264,278
3256,300
3120,318
3304,384
3208,430
3400,372
3464,344
3448,306
3504,344
3392,312
3376,332
3488,416
3472,384
3376,344
3560,368
3712,298
3496,270
3424,250
3272,178
3352,178
3432,192
3264,136
3280,72
3344,182
3440,212
3368,172
3344,224
3304,248
3416,340
3424,314
3344,342
3304,264
3480,360
3544,366
3248,416
3216,360
3360,438
3560,436
3576,406
3536,368
3432,384
3584,350
3568,342
3624,344
3616,368
3696,440
3840,482
3632,390
3744,440
3632,294
3544,298
3768,380
3760,424
3864,370
3824,392
3792,382
3952,396
4032,416
3944,356
3728,316
3872,304
3984,282
3912,342
3824,264
3632,262
3736,288
3584,242
3656,220
3592,156
3616,184
3696,210
3648,252
3688,284
3560,296
3480,268
3408,192
3488,258
3384,276
3552,264
3552,144
3880,94
3752,94
3576,28
3504,-28
3432,-20
3216,-42
3368,18
3584,60
3616,100
3768,60
3688,92
3560,106
3544,218
3656,162
3568,196
3672,260
3648,228
3872,212
3776,202
3680,176
3680,120
3848,120
3728,74
3728,140
3704,114
3816,162
3608,204
3856,240
3760,226
3648,226
3816,248
3720,210
3584,146
3624,98
3664,70
3600,36
3536,28
3552,42
3528,-8
3384,80
3408,78
3376,164
3624,190
3872,182
3944,188
3776,134
3584,128
3560,86
3584,50
3600,16
3528,32
3488,-18
3536,0
3320,-82
3336,0
3408,4
3432,26
3576,42
3504,16
3656,28
3712,38
3624,74
3680,60
3768,0
3480,-48
3488,-28
3408,-36
3216,4
3392,-24
3264,-38
3344,-30
3320,-62
3376,-88
3752,-30
3528,-70
3472,-78
3416,-76
3584,-36
3432,-8
3656,-44
3672,-68
3568,-68
3336,-52
3440,-116
3552,-108
3296,-52
3256,-104
3392,-112
3440,-168
3416,-190
3528,-164
3744,-222
3304,-206
3456,-268
3440,-320
3336,-324
3472,-340
3616,-348
3656,-298
3648,-252
3592,-296
3584,-332
3664,-332
3784,-256
3744,-340
3568,-282
3296,-274
3440,-214
3648,-122
3352,-24
3520,-28
3552,-32
3592,-32
3488,-22
3392,-68
3496,-6
3496,46
3552,-58
3400,-58
3560,32
3424,82
3208,120
3512,148
3432,76
3296,52
3376,10
3056,18
3288,8
3256,-56
3304,-40
3472,-120
3432,-108
3608,-106
3496,-128
3624,-136
3448,-164
3440,-126
3592,-86
3680,-114
3656,-110
3552,-114
3400,-60
3432,-70
3304,-46
3384,-36
3336,-96
3432,-174
3656,-112
3552,-108
3584,-124
3464,-112
3480,-66
3576,-32
3528,-28
3608,-76
3392,-50
3672,-70
3720,-10
3696,50
3520,18
3616,18
3776,22
3712,30
3816,-16
3856,-30
3512,8
3560,34
3312,-14
3128,-70
3280,-90
3048,-82
3088,-82
3304,-96
3424,-122
3456,-104
3592,-68
3760,-58
3592,-118
3632,-64
3520,-66
3464,-66
3728,-72
3704,-116
3912,-148
3816,-146
3864,-142
3888,-86
3736,-56
3704,-80
3704,18
3632,8
3648,-12
3672,-30
3752,10
3600,82
3632,60
3544,32
3496,30
3696,-38
3896,-28
3776,20
3632,-4
3784,-50
3696,-38
3472,-22
3512,-40
3512,-42
3528,-58
3304,-62
3440,-30
3440,-60
3248,-48
3048,-72
2920,-52
3000,-112
3304,-74
3232,-50
3336,-102
3376,-24
3464,48
3360,14
3264,-52
3160,-48
3320,-54
3344,-90
3512,-174
3376,-162
3560,-100
3472,-8
3360,-34
3312,-64
3504,-110
3568,-112
3312,-108
3520,-138
3424,-114
3448,-56
3592,-42
3592,-60
3384,-106
3504,-30
3536,-84
3568,-52
3544,-34
3520,-42
3448,-18
3344,-42
3528,-18
3744,-26
3592,-126
3584,-142
3552,-58
3808,-80
3800,-18
3792,6
3680,2
3744,-38
3968,-22
4040,-58
3968,-48
3944,-16
3832,-12
3808,16
3672,44
3840,28
3968,64
3896,94
3880,98
4056,80
4112,34
4088,78
3968,90
3912,12
3744,98
3680,50
3856,82
3736,60
3520,50
3816,116
3920,164
3776,140
3776,136
3608,138
3576,216
3448,264
3680,258
3720,242
3736,184
3560,174
3616,136
3464,102
3592,112
3720,134
3720,162
3728,142
3816,116
3664,126
3536,90
3640,60
3672,110
3504,98
3592,84
3496,74
3440,128
3192,100
3336,88
3640,10
3448,18
3728,14
3696,70
3816,30
3632,-44
3680,-26
3688,-38
3696,-6
3608,-6
3656,2
3648,-36
3864,-38
3944,-48
3864,-102
3800,-92
3920,-110
3992,-144
3728,-158
3616,-128
3872,-140
3456,-128
3560,-186
3480,-200
3528,-180
3800,-204
3728,-224
3600,-224
3632,-152
3776,-138
3776,-118
3720,-122
3696,-132
3776,-68
3672,-80
3448,-138
3600,-146
3576,-194
3464,-130
3688,-54
3664,-28
3560,10
3712,14
3720,12
3712,2
3776,20
3608,38
3712,90
3624,64
3816,70
3864,140
4040,120
4056,134
3984,88
3968,70
3960,-28
3696,-126
3856,-182
3968,-180
3752,-154
3696,-180
3856,-178
3728,-210
3336,-168
3304,-156
3320,-232
3528,-230
3520,-182
3528,-150
3376,-144
3568,-104
3464,-78
3304,-104
3536,-28
3632,-6
3592,-30
3528,0
3488,-72
3344,-28
3208,-130
3272,-94
3256,-68
3344,-66
3512,-12
3488,4
3320,26
3376,34
3384,98
3576,52
3736,4
3824,-2
3808,12
3712,48
3824,46
3576,78
3552,16
3656,2
3712,46
3632,122
3664,158
3880,124
3968,158
4160,126
3968,166
3928,220
3760,256
3944,194
3928,170
4024,234
3536,194
3672,206
3600,166
3656,176
3448,144
3520,94
3800,24
3792,46
3664,108
3656,140
3544,102
3376,62
3392,42
3336,42
3368,54
3440,48
3360,90
3336,68
3632,82
3344,96
3560,70
3640,66
3640,82
3632,64
3864,90
3728,94
3536,64
3648,48
3624,34
3728,74
3880,32
3704,28
3480,48
3480,-38
3328,-32
3288,-8
3264,-70
3448,-68
3376,-80
3160,-160
3408,-96
3416,-190
3624,-234
3640,-294
3608,-338
3568,-362
3568,-344
3496,-370
3576,-378
3840,-388
3536,-312
3704,-318
3864,-322
3728,-366
3640,-334
3608,-258
3472,-232
3712,-198
3872,-210
3744,-194
3640,-244
3448,-156
3528,-134
3384,-176
3200,-140
3120,-118
3168,-126
3104,-102
3032,-104
3200,-106
3440,-162
3408,-82
3528,-114
3336,-32
3328,-24
3528,-82
3568,-58
3392,-32
3464,-76
3472,-120
3392,-140
3376,-90
3320,-20
3472,-130
3520,-144
3616,-112
3416,-132
3328,-122
3568,-158
3368,-132
3584,-80
3680,-114
3640,-204
3480,-138
3296,-86
3384,-76
3648,-50
3576,16
3464,26
3608,-46
3640,-52
3592,-108
3560,-126
3776,-184
3792,-150
3776,-122
3624,-128
3832,-162
3736,-128
3912,-108
3872,0
3768,-2
3520,-16
3480,-56
3496,-82
3632,-96
3432,-166
3440,-160
3704,-208
3768,-206
3576,-158
3488,-176
3408,-136
3472,-126
3560,-96
3488,-212
3496,-210
3448,-200
3256,-164
3048,-204
3216,-176
3184,-158
3344,-178
3512,-162
3464,-204
3448,-164
3552,-212
3624,-270
3544,-226
3616,-216
3544,-216
3712,-266
3656,-270
3760,-176
3680,-172
3696,-182
3512,-168
3560,-96
3592,-226
3704,-168
3736,-166
3592,-238
3488,-236
3440,-226
3528,-230
3592,-240
3528,-202
3232,-186
3056,-88
3056,-202
3200,-204
3344,-174
3448,-222
3336,-186
3296,-248
3320,-230
3504,-238
3464,-208
3280,-136
3344,-70
3384,-28
3608,-58
3440,-46
3440,-78
3432,-62
3464,-90
3544,-132
3608,-84
3616,-60
3656,-82
3504,-40
3504,-80
3720,-44
3768,-102
3600,-174
3704,-94
3600,-80
3464,-72
3544,-16
3496,24
3552,42
3584,78
3632,50
3712,92
3592,66
3656,-30
3832,-70
3688,-62
3640,12
3776,-50
3672,-26
3536,-56
3400,-92
3352,-96
3472,-66
3528,4
3432,-36
3456,-60
3584,-50
3760,-34
3520,-12
3456,14
3384,46
3368,24
3408,-24
3600,-40
3368,-106
3296,-122
3088,-122
3264,-148
3520,-58
3224,-48
3088,-56
3192,0
3552,56
3320,78
3432,120
3448,146
3504,176
3344,154
3272,158
3040,122
3192,130
3472,122
3424,160
3496,114
3768,224
3920,228
3744,276
3728,236
3600,208
3520,232
3752,242
3712,314
3456,308
3600,338
3592,372
3696,458
3704,500
3680,556
3656,592
3704,608
3776,630
3560,598
3512,660
3456,546
3456,602
3376,602
3712,678
3824,694
3872,686
3624,608
3664,574
3744,578
3760,530
3816,464
3848,398
3728,342
3856,356
3848,376
3976,294
3736,240
3688,264
3800,248
3888,196
3800,144
3608,146
3784,188
3744,166
3952,120
4088,212
3896,164
3864,176
3584,162
3576,118
3432,94
3576,92
3616,96
3512,76
3312,80
3368,94
3440,102
3376,56
3528,80
3640,56
3688,60
3776,32
3704,20
3640,36
3656,90
3448,28
3520,-98
3448,-108
3504,-68
3480,-72
3512,-102
3448,-142
3432,-130
3264,-174
3472,-182
3280,-160
3184,-170
3376,-92
3552,-142
3456,-204
3336,-216
3200,-252
3192,-248
3464,-300
3432,-356
3384,-330
3408,-340
3336,-330
3472,-346
3536,-418
3304,-384
3320,-326
3408,-314
3120,-300
3216,-268
3072,-224
3120,-212
3400,-212
3408,-140
3224,-142
3144,-182
3384,-162
3224,-190
3312,-164
3128,-148
3168,-130
3304,-202
3264,-164
3280,-174
3288,-198
3176,-154
3560,-188
3400,-154
3320,-148
3288,-184
3400,-240
3344,-206
3088,-178
3320,-204
3248,-230
3424,-314
3304,-288
3560,-292
3504,-302
3552,-364
3568,-414
3560,-400
3520,-374
3456,-434
3416,-416
3504,-392
3648,-378
3752,-352
3640,-384
3864,-378
3736,-418
3520,-338
3472,-382
3472,-364
3744,-394
3280,-318
3448,-312
3544,-334
3384,-262
3528,-300
3520,-278
3456,-248
3616,-242
3648,-250
3552,-238
3640,-258
3616,-262
3576,-294
3592,-252
3776,-234
3752,-184
3736,-136
3664,-116
3544,-160
3624,-140
3896,-200
3696,-264
3784,-258
3456,-270
3656,-218
3680,-234
3792,-258
3728,-200
3560,-204
3616,-214
3560,-156
3472,-164
3680,-90
3512,-130
3640,-164
3712,-82
3832,-26
3824,-10
3680,-40
3656,-20
3784,22
3664,-36
3736,-20
3696,-78
3368,-62
3464,-72
3496,-34
3472,18
3424,66
3368,12
3392,30
3304,-12
3384,8
3360,42
3288,40
3312,-20
3384,-60
3352,-104
3248,-72
3320,-72
3240,-68
3624,-46
3696,-76
3360,-54
3328,-32
3496,40
3288,52
3472,98
3448,102
3240,30
3296,-50
3344,-10
3360,-6
3408,-6
3536,6
3192,62
3168,134
3128,146
3072,186
3256,148
3304,168
3248,160
3216,148
3456,90
3568,156
3344,86
3496,172
3416,116
3296,80
3328,116
3536,94
3344,-18
3424,-98
3432,-6
3416,-50
3296,-56
3408,-8
3288,22
3360,6
3424,110
3632,168
3528,90
3512,56
3568,12
3408,-42
3464,-72
3488,-42
3776,0
3488,0
3600,46
3648,38
3632,24
3656,46
3736,54
3576,-26
3800,-40
3808,-40
3912,2
3752,-32
3776,-132
3616,-118
3624,-182
3728,-192
3504,-120
3480,-138
3496,-140
3568,-126
3784,-196
3712,-232
3600,-292
3704,-310
3784,-260
3800,-238
3848,-228
3680,-174
3368,-198
3424,-188
3552,-216
3432,-248
3416,-200
3536,-172
3432,-136
3376,-90
3432,-46
3384,-22
3496,-36
3408,-44
3528,-8
3344,-4
3312,-84
3456,-148
3616,-230
3584,-248
3480,-322
3520,-260
3536,-190
3528,-178
3448,-130
3464,-114
3432,-60
3544,-54
3472,-118
3416,-90
3640,24
3600,-2
3536,-22
3568,-70
3352,-12
3424,6
3496,66
3288,16
3376,-10
3592,-44
3600,-20
3648,-32
3744,74
3656,30
3680,38
3656,50
3648,26
3616,-8
3352,-52
3424,-52
3480,-78
3376,-56
3464,-30
3424,-104
3560,-80
3624,-98
3616,-48
3720,-56
3616,-96
3440,-54
3448,-68
3568,-92
3768,-156
3712,-156
3808,-128
3584,-104
3448,-120
3216,-188
3416,-170
3648,-214
3808,-192
3816,-188
3760,-204
3656,-186
3720,-172
3608,-222
3728,-168
3760,-168
3688,-100
3752,-92
3760,-104
3720,-106
3680,-94
3608,-32
3616,-26
3624,28
3640,92
3608,84
3504,94
3832,148
3744,62
3840,108
3720,112
3760,124
3528,142
3432,128
3424,140
3544,140
3528,96
3568,80
3536,62
3632,-22
3792,58
3824,112
3808,88
3824,148
3760,216
3808,192
3776,218
3928,190
3808,212
3624,202
3864,202
3656,264
3728,220
3576,278
3776,296
3672,240
3744,244
3616,206
3600,246
3368,314
3392,342
3328,350
3536,424
3448,460
3632,444
3592,498
3600,478
3536,586
3736,588
3720,626
3920,648
3960,706
3776,742
4104,780
3632,786
3512,758
3560,738
3456,686
3584,678
3544,646
3592,674
3816,692
3568,686
3664,672
3664,684
3520,714
3632,728
3616,740
3712,702
3832,638
3640,634
3616,608
3672,554
3768,604
3608,544
3832,638
4032,660
3864,654
3712,616
3440,578
3464,570
3656,532
3648,600
3368,534
3328,578
3480,596
3632,514
3304,470
3296,430
3176,514
3296,460
3304,374
3256,354
3376,406
3600,388
3480,390
3552,436
3400,454
3320,396
3392,402
3616,412
3544,402
3752,376
3568,380
3488,420
3440,424
3640,476
3696,552
3728,502
3664,514
3680,468
3632,398
3744,440
3768,464
3720,472
3864,524
3824,514
3808,530
3728,516
3728,478
3712,444
3864,442
3728,414
3640,432
3728,416
3696,380
3752,358
3416,380
3416,262
3328,220
3456,204
3496,152
3816,108
3856,168
3928,168
3888,178
3840,186
3712,138
3872,176
3888,108
3808,94
3960,122
3784,152
3768,116
3808,58
3720,46
3640,142
3600,210
3400,192
3608,196
3824,202
3936,194
3664,218
3640,178
3816,180
3848,184
3736,174
3912,238
4024,270
4032,202
4048,156
3840,148
3800,176
3920,162
3736,114
3920,76
3752,62
3728,106
3696,84
3792,144
3640,262
3616,268
3584,296
3568,396
3616,344
3720,320
3704,352
3800,402
3888,432
3824,472
3912,488
3768,502
3704,422
3768,402
3760,328
3816,288
3664,272
3480,326
3656,338
3216,336
3392,360
3624,402
3536,338
3464,354
3528,378
3448,336
3312,296
3488,334
3696,382
3488,274
3672,346
3848,392
3544,410
3384,456
3432,480
3568,500
3360,450
3160,438
3480,492
3504,440
3560,406
3472,406
3632,442
3240,340
3408,292
3512,246
3568,252
3368,238
3248,188
3344,214
3344,246
3128,234
3344,232
3464,282
3272,270
3384,348
3336,334
3280,296
3368,350
3352,324
3792,322
3672,354
3488,376
3800,410
3824,422
3768,458
3736,450
3944,458
3984,576
3944,638
3920,590
4232,616
4064,614
3968,594
4128,614
4000,638
4136,662
3992,616
3960,594
3832,588
3872,570
3672,612
3504,564
3576,558
3592,562
3624,552
3504,592
3480,578
3584,538
3568,592
3832,552
3704,494
3568,504
3576,538
3464,534
3344,554
3496,564
3616,554
3424,522
3320,542
3504,540
3328,602
3376,610
3560,610
3336,542
3720,620
3784,660
3656,582
3608,574
3568,584
3496,532
3464,530
3400,552
3584,518
3336,520
3296,500
3248,550
3240,572
3448,598
3608,576
3544,610
3768,620
3680,628
3776,640
3672,586
3608,576
3472,488
3312,422
3112,380
3376,370
3368,336
3280,238
3280,190
3184,238
3264,264
3416,346
3408,388
3272,334
3296,334
3336,348
3488,294
3768,284
3544,286
3608,244
3576,270
3656,260
3704,288
3648,296
3560,346
3448,360
3632,360
3616,348
3576,428
3440,384
3392,342
3264,296
3432,270
3224,242
3368,288
3344,240
3232,212
3360,184
3368,114
3424,100
3208,212
3456,186
3416,260
3488,212
3576,304
3552,286
3544,266
3560,200
3672,206
3720,154
3576,162
3584,188
3736,266
3656,294
3640,320
3616,378
3408,368
3456,310
3536,366
3776,446
3776,496
3624,548
3720,528
3840,548
3648,548
3680,570
3624,586
3584,598
3592,608
3640,576
3744,576
3432,514
3592,486
3704,566
3656,568
3856,566
3808,564
4032,510
4048,540
3688,502
3752,506
3816,574
3792,586
3896,642
4120,628
4016,614
3920,598
3920,502
3640,504
3504,468
3736,392
3688,466
3792,542
3920,552
4144,614
4128,564
3944,514
3832,472
3744,452
3704,410
3592,428
3752,488
3984,440
3760,446
3776,424
3728,454
3720,468
3912,500
3824,466
3640,408
3800,374
3448,380
3496,364
3840,346
3648,250
3576,198
3520,160
3488,186
3536,218
3480,190
3376,254
3336,236
3320,184
3304,152
3440,68
3664,120
3816,150
3600,178
3728,184
3752,138
3680,46
3640,-38
3656,-12
3536,-64
3520,-46
3304,-48
3272,-42
3424,62
3424,54
3696,160
3744,182
3784,184
3784,166
3568,172
3640,176
3648,130
3560,108
3768,26
3656,10
3688,86
3536,-26
3672,54
3600,80
3560,10
3448,-34
3648,-48
3344,-24
3504,-48
3688,-90
3848,-106
3744,-140
3776,-162
3656,-160
3704,-106
3688,-88
3744,-128
3920,-48
3984,-120
3872,-112
3784,-148
3832,-146
3752,-114
3744,-184
3592,-180
3608,-164
3784,-226
3720,-266
3800,-282
3784,-264
3664,-308
3624,-268
3784,-264
3840,-192
3680,-140
3656,-130
3592,-186
3592,-212
3592,-154
3584,-144
3696,-208
3696,-254
3648,-270
3680,-216
3592,-160
3640,-134
3480,-162
3512,-146
3448,-102
3720,-100
3768,-166
3792,-162
3792,-84
3640,-146
3560,-172
3808,-248
3680,-226
3616,-254
3728,-224
3488,-200
3408,-172
3288,-188
3400,-90
3408,-130
3392,-100
3312,-24
3416,-84
3272,-146
3328,-92
3248,-178
3400,-100
3504,-92
3624,-120
3672,-152
3520,-118
3616,-128
3480,-88
3480,-158
3512,-202
3440,-154
3288,-168
3256,-148
3376,-200
3504,-260
3512,-286
3544,-300
3664,-356
3496,-300
3640,-328
3656,-300
3752,-318
3384,-248
3432,-312
3536,-350
3496,-332
3672,-364
3776,-348
3584,-324
3680,-364
3768,-400
3792,-414
3776,-416
3840,-504
3896,-494
4040,-590
3944,-626
3856,-636
3896,-670
4080,-684
3800,-610
3808,-592
3776,-522
3680,-526
3792,-508
3848,-580
4000,-602
3944,-528
4016,-484
3984,-456
3952,-472
4032,-522
3896,-524
3856,-472
3824,-486
3584,-438
3664,-402
3528,-366
3640,-418
3528,-420
3368,-360
3504,-348
3592,-310
3648,-296
3416,-282
3576,-288
3480,-240
3544,-242
3656,-310
3680,-282
3784,-242
3760,-214
3720,-226
3960,-296
3768,-302
3800,-298
3888,-264
4024,-232
3888,-328
3656,-324
3608,-390
3520,-350
3504,-372
3664,-366
3600,-404
3664,-358
3944,-380
3672,-324
3704,-414
3728,-444
3600,-388
3664,-392
3680,-320
3552,-364
3576,-362
3552,-290
3680,-304
3632,-358
3624,-338
3520,-302
3560,-326
3632,-350
3792,-378
3688,-376
3664,-398
3720,-384
3592,-394
3568,-320
3608,-302
3544,-270
3568,-320
3784,-368
3472,-414
3648,-386
3576,-372
3680,-418
3632,-426
3672,-394
3696,-424
3624,-486
3536,-454
3432,-418
3584,-382
3792,-410
3920,-464
3816,-478
4040,-444
3776,-420
3688,-434
3448,-406
3568,-460
3576,-412
3640,-450
3600,-452
3344,-440
3408,-444
3560,-420
3552,-424
3552,-422
3680,-452
3512,-438
3528,-432
3792,-442
3696,-440
3256,-488
3312,-484
3336,-424
3360,-396
3496,-448
3296,-462
3496,-492
3440,-490
3368,-540
3408,-534
3544,-588
3640,-524
3472,-516
3536,-506
3776,-540
3552,-446
3528,-432
3400,-438
3440,-414
3520,-392
3512,-420
3320,-478
3536,-534
3416,-542
3736,-662
3592,-680
3680,-620
3768,-574
3688,-532
3800,-548
3608,-500
3504,-526
3352,-510
3464,-552
3448,-582
3432,-658
3472,-602
3720,-600
3712,-670
3704,-646
3704,-718
3792,-710
3872,-688
3872,-688
4040,-724
4040,-764
3912,-770
3960,-852
3856,-788
3968,-804
3736,-732
3640,-720
3752,-812
3936,-798
3920,-838
3864,-852
3856,-848
3856,-834
3616,-796
3568,-766
3760,-806
3856,-812
3624,-760
3656,-730
3656,-740
3568,-674
3624,-650
3504,-660
3624,-694
3544,-662
3416,-632
3576,-606
3448,-634
3520,-612
3528,-604
3536,-602
3480,-656
3592,-618
3712,-630
3496,-592
3600,-638
3672,-682
3736,-714
3728,-720
3696,-726
3584,-682
3624,-624
3544,-572
3408,-500
3368,-466
3384,-448
3472,-434
3528,-482
3416,-518
3552,-480
3496,-448
3304,-406
3168,-416
3216,-470
3288,-418
3312,-520
3480,-540
3552,-532
3560,-512
3824,-596
3928,-662
3936,-602
3848,-704
3752,-676
3856,-698
3584,-654
3544,-632
3672,-626
3408,-620
3792,-602
3624,-680
3584,-636
3544,-666
3648,-706
3592,-704
3544,-712
3800,-770
3688,-784
3704,-806
3760,-826
3608,-794
3608,-836
3704,-860
3768,-866
3824,-826
3992,-856
3728,-868
3640,-810
3576,-762
3712,-778
3800,-796
3776,-768
3656,-722
3432,-658
3592,-672
3560,-608
3464,-656
3664,-586
3592,-602
3648,-614
3664,-536
3712,-584
3800,-636
3608,-654
3840,-748
3928,-808
3752,-750
3712,-694
3776,-756
3728,-706
3776,-678
3720,-734
3728,-694
3696,-660
3648,-698
3936,-726
3904,-700
3832,-674
3976,-686
4040,-682
3824,-640
3768,-628
3840,-624
3864,-610
3656,-578
3648,-560
3520,-610
3512,-588
3424,-588
3408,-524
3448,-474
3352,-508
3624,-594
3560,-566
3616,-604
3784,-648
3736,-722
3728,-670
3672,-622
3584,-574
3544,-590
3720,-634
3760,-588
3600,-536
3672,-550
3640,-598
3568,-614
3400,-570
3264,-600
3392,-704
3472,-680
3400,-622
3456,-578
3312,-538
3680,-544
3808,-590
3504,-552
3216,-430
3328,-426
3352,-440
3352,-380
3256,-378
3400,-316
3192,-278
3144,-276
3216,-264
3392,-282
3440,-280
3392,-262
3264,-246
3328,-316
3296,-320
3200,-316
3368,-290
3448,-266
3408,-274
3488,-278
3256,-232
3304,-264
3264,-268
3224,-244
3184,-254
3288,-328
3544,-388
3512,-384
3432,-326
3240,-368
3280,-380
3376,-368
3336,-424
3288,-384
3296,-402
3320,-358
3392,-340
3344,-332
3312,-346
3456,-272
3448,-266
3616,-272
3248,-266
3200,-218
3392,-198
3552,-174
3624,-116
3360,-34
3400,68
3608,134
3664,158
3576,150
3648,206
3648,216
3432,260
3440,316
3560,302
3448,248
3488,164
3752,152
3880,166
3744,112
3728,90
3664,68
3696,74
3544,72
3664,154
3512,168
3496,162
3608,150
3616,162
3656,214
3568,238
3520,256
3600,226
3544,150
3648,134
3608,138
3640,152
3472,102
3616,36
3568,52
3400,36
3272,84
3128,190
3456,258
3528,272
3632,258
3592,300
3392,222
3104,102
3288,150
3464,128
3384,98
3544,84
3504,168
3432,124
3584,148
3584,154
3664,120
3520,190
3480,278
3712,252
3440,276
3600,242
3688,262
3624,232
3768,256
3672,176
3664,176
3600,188
3688,230
3704,310
3496,286
3456,364
3560,316
3464,348
3464,396
3408,396
3448,350
3616,360
3752,390
3616,426
3408,338
3328,322
3208,262
3216,280
2992,276
3200,264
3384,192
3248,130
3456,102
3352,-10
3400,64
3256,112
3464,186
3280,112
3416,70
3400,32
3416,100
3480,126
3488,170
3704,184
3648,204
3632,214
3688,144
3848,202
3776,206
3960,254
3992,224
3832,254
3776,284
3656,296
3848,284
3688,254
3600,238
3504,256
3544,184
3496,130
3632,110
3600,128
3752,122
3728,56
3816,48
3648,-16
3440,48
3416,24
3312,28
3536,108
3584,62
3632,56
3480,36
3456,-44
3464,-56
3368,-72
3320,-144
3360,-70
3368,92
3424,142
3336,206
3232,168
3200,230
3336,236
3512,226
3624,180
3448,226
3400,214
3600,186
3752,164
3368,242
3552,298
3600,258
3448,336
3304,254
3192,240
2904,242
3040,228
3192,216
3232,204
3400,200
3192,190
3304,184
3184,208
3160,226
3384,248
3344,216
3408,224
3280,188
3376,160
3312,170
3304,82
3584,58
3776,-44
3624,-42
3488,14
3712,12
3600,32
3768,-16
3736,48
3536,80
3528,48
3344,6
3528,14
3560,28
3736,-20
3584,-56
3472,2
3368,-32
3472,-48
3496,-90
3632,-80
3488,-80
3520,-58
3576,12
3520,122
3440,18
3536,2
3368,24
3400,56
3456,52
3432,184
3616,194
3248,182
3104,174
3448,270
3584,188
3416,152
3400,118
3368,94
3552,124
3240,80
3184,112
3264,146
3320,102
3544,32
3552,0
3440,-100
3448,-140
3608,-118
3464,-86
3464,-58
3328,-84
3288,-82
3328,-64
3520,-76
3504,-46
3616,-48
3440,-36
3560,56
3480,30
3432,36
3560,6
3424,-16
3456,106
3576,-8
3568,64
3680,150
3584,92
3408,120
3376,116
3384,92
3280,90
3504,-2
3536,4
3560,66
3488,146
3520,148
3592,198
3448,274
3448,308
3368,276
3416,264
3456,194
3440,124
3600,140
3512,136
3584,210
3520,224
3688,226
3792,216
3768,216
3808,252
3568,236
3528,190
3536,96
3456,62
3520,-22
3536,-22
3528,-52
3408,-12
3424,-56
3360,2
3392,-94
3376,-60
3520,14
3536,20
3424,-26
3656,6
3704,-12
3392,-22
3464,68
3472,4
3520,36
3520,74
3648,130
3528,170
3784,180
3720,120
3720,66
3640,36
3552,74
3424,26
3264,-2
3192,-44
3344,-34
3224,-16
3536,-58
3584,-12
3504,20
3496,-24
3424,-2
3480,-44
3384,-10
3440,-22
3752,-14
3544,-42
3344,-28
3248,-40
3416,-18
3192,0
3336,-6
3496,-42
3584,-16
3592,-46
3688,-56
3680,-40
3560,-92
3712,-110
3808,-60
3776,-116
3576,-140
3504,-100
3632,-134
3352,-136
3272,-136
3328,-104
3264,-102
3352,-76
3392,-6
3320,36
3592,72
3464,142
3504,112
3488,60
3544,-12
3600,38
3416,30
3456,-10
3480,-40
3680,-52
3592,-44
3552,-68
3536,-116
3376,-36
3344,6
3400,40
3464,-2
3432,-2
3512,108
3520,114
3512,148
3584,118
3424,246
3472,210
3256,164
3536,88
3584,42
3552,46
3688,68
3568,86
3512,40
3352,52
3128,68
3240,48
3200,86
3232,42
3240,-8
3416,20
3504,-38
3512,-26
3448,-22
3584,-162
3768,-174
3864,-154
3480,-182
3736,-264
3680,-226
3432,-196
3472,-194
3664,-196
3696,-186
3376,-170
3464,-118
3288,-128
3480,-66
3576,-26
3424,-70
3440,-82
3600,-106
3688,-198
3656,-272
3480,-178
3568,-192
3480,-194
3296,-146
3360,-124
3376,-148
3432,-56
3288,-12
3248,26
3384,50
3288,70
3352,24
3392,-28
3088,-44
3112,-44
3392,2
3448,-92
3392,-106
3240,-160
3432,-166
3448,-156
3456,-136
3560,-84
3600,-84
3496,-38
3504,-72
3688,-106
3792,-106
3592,-120
3568,-64
3376,10
3296,22
3304,32
3464,86
3448,126
3480,86
3400,114
3456,2
3640,-12
3560,20
3488,86
3576,134
3512,78
3432,114
3344,80
3240,50
3320,140
3400,176
3672,136
3408,64
3472,84
3568,116
3616,58
3400,30
3448,-4
3504,-4
3544,-58
3656,-46
3560,-4
3456,-68
3344,-184
3272,-150
3384,-264
3248,-264
3368,-248
3200,-214
3176,-224
3360,-326
3240,-322
3352,-338
3152,-264
3096,-266
3224,-314
3416,-346
3448,-352
3648,-424
3352,-372
3384,-310
3224,-318
3336,-406
3248,-362
3264,-392
3368,-422
3376,-420
3296,-474
3320,-440
3072,-380
3408,-410
3272,-348
3648,-388
3432,-404
3472,-412
3496,-390
3664,-368
3592,-402
3656,-364
3776,-404
3568,-360
3696,-344
3784,-414
3680,-332
3528,-272
3488,-200
3648,-272
3688,-330
3456,-346
3488,-308
3568,-320
3480,-300
3632,-332
3864,-358
3760,-320
3608,-292
3424,-352
3592,-358
3688,-304
3536,-288
3536,-278
3568,-232
3704,-210
3576,-210
3528,-172
3440,-152
3360,-108
3288,-156
3456,-62
3312,-48
3248,20
3176,76
3168,52
3264,120
3320,80
3512,86
3576,32
3424,24
3392,64
3280,28
3368,98
3336,94
3376,140
3384,174
3416,98
3352,74
3568,76
3576,76
3640,116
3696,176
3360,202
3584,170
3464,148
3384,174
3584,212
3520,206
3504,196
3384,228
3256,206
3248,164
3200,198
3336,166
3216,192
3232,218
3296,142
3232,116
3392,102
3392,156
3304,166
3336,130
3488,126
3432,98
3344,108
3384,108
3584,146
3632,156
3512,166
3616,272
3672,260
3496,214
3344,184
3336,182
3504,196
3552,134
3416,48
3464,66
3312,62
3584,92
3464,80
3504,122
3736,24
3576,54
3472,124
3536,58
3344,92
3448,140
3568,166
3608,158
3224,188
3376,174
3360,214
3464,218
3440,202
3464,176
3528,230
3520,220
3496,228
3512,220
3640,324
3624,342
3624,340
3504,240
3536,280
3504,374
3472,374
3584,368
3504,402
3544,390
3744,410
3608,392
3688,346
3608,382
3744,386
3728,380
3848,448
3672,422
3504,352
3536,286
3456,304
3408,344
3392,350
3456,392
3560,414
3864,500
3768,496
3664,572
3528,538
3616,538
3696,476
3552,402
3528,462
3680,470
3520,494
3576,456
3400,444
3456,436
3440,416
3584,492
3720,538
3592,516
3552,476
3528,516
3600,476
3784,520
3784,544
3824,576
3632,548
3560,542
3648,612
3760,662
3456,672
3504,682
3544,718
3528,690
3608,738
3616,720
3384,704
3376,732
3464,684
3640,664
3672,706
3608,730
3664,776
3808,844
3768,762
3752,696
3680,658
3720,630
3688,668
3680,620
3696,576
3600,550
3544,592
3568,548
3456,540
3520,486
3680,514
3448,472
3504,504
3520,498
3576,512
3552,520
3696,546
3528,496
3496,534
3512,528
3712,570
3632,558
3448,548
3472,476
3232,384
3576,432
3408,438
3240,430
3256,494
3536,510
3336,490
3312,426
3312,382
3288,436
3256,398
3240,360
3336,408
3608,478
3408,426
3560,456
3432,496
3712,588
3456,576
3224,572
3184,568
3296,508
3184,470
3304,484
3224,468
3240,462
3448,540
3416,470
3496,494
3704,556
3600,588
3536,508
3512,472
3616,558
3704,534
3456,506
3688,576
3656,554
3464,494
3440,508
3480,496
3360,472
3552,400
3384,446
3560,408
3576,392
3376,382
3232,348
3504,334
3352,344
3408,226
3456,240
3248,198
3176,222
3456,306
3608,338
3616,310
3560,386
3728,384
3696,452
3608,436
3576,474
3216,436
3448,486
3640,464
3840,476
3856,540
3848,482
3952,522
3736,520
3680,522
3864,618
3880,614
3848,580
3896,606
3704,576
3600,534
3488,498
3784,476
3720,456
3648,454
3840,474
4016,482
4048,496
4040,526
3848,478
3968,488
3920,468
3768,550
3728,462
3696,418
3776,382
3472,372
3440,428
3592,474
3608,418
3544,378
3560,390
3440,392
3640,418
3736,474
3568,406
3600,344
3568,360
3504,360
3320,332
3344,298
3264,390
3352,410
3472,432
3560,482
3472,432
3736,458
3832,428
3776,406
3840,376
3648,378
3352,350
3456,274
3568,214
3488,258
3528,250
3592,214
3496,206
3408,164
3656,168
3656,188
3776,188
3704,136
3712,90
3768,112
3752,148
3848,130
3736,174
3664,186
3880,262
3752,268
3544,224
3520,244
3520,236
3712,252
3552,270
3720,208
3824,80
3832,60
3728,72
3936,78
3616,54
3720,44
3776,74
3536,70
3816,48
3832,84
3920,40
3928,88
3920,100
3928,52
3840,46
4048,72
3936,74
3704,108
3776,178
3704,182
3648,116
3672,104
3584,114
3616,140
3472,60
3344,50
3552,98
3872,134
3832,78
3896,94
3952,114
3624,152
3648,178
3728,216
3904,138
3632,136
3624,110
3672,84
3512,114
3448,126
3456,118
3400,196
3288,166
3408,232
3688,264
3536,208
3408,224
3696,258
3816,240
3840,262
3776,246
3776,232
3704,174
3616,176
3568,200
3488,172
3640,108
3624,178
3520,110
3664,152
3784,168
3688,208
3672,108
3600,56
3528,112
3576,138
3696,164
3648,174
3520,128
3264,168
3264,156
3328,192
3512,310
3744,324
3624,362
3728,330
3800,408
3792,336
3912,310
3656,264
3680,344
3584,300
3440,280
3432,302
3560,308
3672,302
3488,216
3376,226
3528,208
3512,278
3480,268
3456,360
3600,336
3432,356
3456,364
3432,302
3800,296
3632,310
3592,318
3536,284
3640,268
3784,248
3640,254
3544,252
3488,160
3672,138
3528,122
3592,180
3456,70
3560,28
3640,16
3680,-22
3528,-92
3720,-128
3880,-80
3904,-20
3912,54
3856,50
3656,90
3696,92
3752,68
3768,18
3696,-20
3864,-38
3552,-90
3888,-2
3864,10
3704,-40
3696,-90
3760,-78
3576,-80
3648,-144
3504,-190
3616,-224
3416,-222
3488,-164
3632,-212
3800,-190
3720,-206
3696,-216
3568,-132
3784,-156
3936,-126
3784,-126
3736,-112
3720,-100
3864,-94
3680,-90
3736,-134
3768,-148
3688,-160
3560,-172
3680,-178
3608,-146
3744,-170
3656,-158
3624,-140
3760,-198
3728,-162
3776,-178
3760,-164
3768,-172
3800,-168
3904,-122
3800,-154
3928,-218
3800,-166
3808,-166
3776,-112
3944,-72
3672,-104
3520,-108
3584,-102
3688,-76
3736,-110
3664,-190
3736,-140
3728,-184
3528,-158
3784,-140
3400,-128
3544,-172
3504,-220
3552,-192
3632,-194
3568,-140
3800,-138
3512,-128
3680,-132
3808,-126
3616,-172
3536,-198
3536,-216
3504,-256
3376,-236
3336,-216
3232,-238
3424,-192
3648,-254
3432,-184
3584,-178
3336,-62
3528,-46
3592,-100
3608,-164
3536,-156
3400,-166
3656,-94
3552,-144
3488,-40
3336,-24
3408,-66
3376,-78
3264,-74
3384,-102
3112,-148
3352,-126
3408,-188
3456,-146
3496,-66
3568,-94
3776,-136
3904,-106
3808,-106
3800,-84
3608,-40
3672,-92
3896,-124
3520,-118
3400,-92
3448,-136
3624,-204
3632,-240
3584,-208
3536,-214
3616,-262
3464,-210
3424,-244
3336,-244
3560,-192
3592,-192
3648,-264
3712,-272
3592,-326
3448,-324
3512,-362
3584,-310
3792,-338
3648,-312
3856,-308
3664,-392
3568,-408
3616,-400
3816,-386
3672,-394
3704,-414
3672,-338
3608,-334
3424,-314
3536,-360
3624,-318
3672,-434
3712,-498
3568,-564
3656,-558
3608,-584
3664,-562
3712,-516
3856,-528
3656,-414
3632,-430
3688,-434
3672,-462
3864,-430
3792,-332
3784,-304
3560,-268
3560,-272
3656,-300
3648,-324
3592,-286
3816,-302
3712,-340
3736,-342
3552,-396
3520,-364
3552,-374
3648,-402
3656,-454
3696,-430
3688,-424
3840,-408
3552,-370
3504,-328
3672,-300
3416,-288
3568,-290
3808,-316
3648,-302
3496,-342
3736,-424
3552,-416
3552,-436
3680,-442
3616,-484
3760,-418
3952,-472
4048,-452
3944,-436
3648,-390
3560,-346
3672,-358
3456,-332
3360,-324
3320,-298
3720,-320
3624,-370
3552,-346
3568,-450
3528,-436
3312,-446
3456,-420
3568,-406
3448,-416
3488,-428
3432,-386
3456,-374
3496,-416
3480,-434
3288,-310
3464,-280
3472,-258
3352,-178
3256,-156
3296,-178
3336,-180
3176,-222
3320,-190
3552,-222
3632,-170
3456,-204
3272,-296
3440,-260
3496,-280
3368,-332
3416,-286
3440,-256
3464,-238
3408,-352
3560,-340
3344,-314
3352,-306
3368,-260
3392,-372
3360,-348
3408,-292
3328,-292
3376,-336
3488,-422
3384,-414
3360,-362
3656,-414
3784,-470
3744,-456
3880,-514
3896,-548
3704,-480
3776,-606
3688,-606
3800,-600
3728,-574
3544,-524
3440,-528
3496,-460
3600,-480
3552,-482
3688,-460
3480,-470
3280,-450
3328,-422
3360,-362
3408,-384
3424,-370
3528,-384
3608,-388
3672,-458
3712,-462
3736,-512
3704,-470
3480,-398
3448,-478
3528,-436
3720,-510
3680,-480
3528,-450
3792,-460
3648,-514
3512,-514
3504,-472
3552,-460
3616,-442
3768,-410
3672,-400
3768,-300
3672,-302
3624,-256
3592,-256
3304,-198
3600,-218
3488,-216
3480,-232
3432,-192
3688,-150
3576,-144
3656,-154
3640,-126
3536,-146
3608,-104
3576,-86
3488,-52
3424,-24
3600,28
3488,50
3536,138
3552,138
3456,236
3416,230
3456,210
3688,182
3520,242
3368,238
3496,236
3608,324
3360,202
3304,102
3336,60
3496,104
3632,56
3528,140
3568,142
3672,176
3672,234
3416,256
3472,294
3568,260
3416,224
3672,276
3576,282
3712,320
3600,258
3552,302
3704,312
3736,300
3616,332
3736,340
3392,284
3760,364
3712,364
3616,310
3616,312
3400,256
3424,192
3488,300
3480,300
3712,352
3576,354
3608,374
3432,432
3488,460
3592,450
3584,422
3648,452
3432,486
3576,504
3616,428
3408,420
3488,454
3520,518
3472,500
3624,474
3592,510
3520,536
3552,496
3224,480
3464,512
3544,538
3368,530
3648,476
3456,430
3488,488
3512,510
3792,530
3536,452
3568,410
3536,426
3432,418
3568,490
3424,474
3544,500
3624,478
3712,492
3688,478
3600,414
3584,338
3496,362
3440,324
3376,328
3488,294
3472,348
3616,334
3584,286
3608,296
3632,338
3520,298
3432,276
3296,246
3312,164
3296,202
3440,106
3544,70
3680,110
3680,104
3416,86
3376,104
3536,72
3456,104
3448,106
3624,128
3536,120
3552,172
3464,152
3384,118
3272,122
3512,112
3672,116
3360,140
3456,184
3280,114
3424,108
3360,78
3384,16
3280,32
3232,-14
3176,-80
3248,-60
3528,-52
3328,-78
3368,32
3328,-64
3432,-104
3688,-138
3336,-6
3528,66
3528,92
3456,84
3208,78
3296,56
3392,44
3200,44
3400,-68
3352,-106
3368,-64
3368,-54
3288,14
3208,8
3232,94
3296,156
3512,152
3504,178
3464,150
3568,148
3368,154
3688,116
3552,146
3416,132
3328,36
3384,34
3496,38
3376,60
3464,38
3584,22
3640,50
3600,96
3616,158
3680,194
3600,194
3760,152
3688,90
3440,70
3320,124
3256,142
3432,118
3592,212
3552,216
3376,258
3488,214
3600,242
3352,244
3288,368
3368,374
3464,440
3512,448
3544,414
3456,470
3384,474
3288,482
3560,458
3616,392
3648,394
3560,440
3768,406
3592,410
3600,368
3776,426
3568,394
3424,400
3472,424
3528,436
3528,358
3520,364
3624,342
3608,358
3488,290
3688,266
3512,298
3408,248
3408,282
3376,268
3464,352
3248,336
3360,382
3448,406
3592,456
3504,434
3496,396
3408,334
3360,282
3392,326
3512,350
3776,378
3656,454
3512,386
3312,278
3520,264
3632,168
3624,176
3680,126
3768,184
3648,196
3640,156
3848,168
3688,194
3456,208
3680,232
3904,300
3912,284
3640,208
3696,220
3688,220
3448,206
3632,220
3728,260
3688,176
3424,148
3584,124
3440,168
3520,82
3584,90
3400,58
3448,22
3560,-12
3608,10
3456,-8
3456,-74
3368,-116
3424,-50
3256,-74
3280,-58
3312,-58
3368,-58
3352,-58
3328,6
3400,32
3184,10
3280,-4
3552,4
3368,-18
3488,-24
3536,-82
3440,-92
3256,-108
3408,-96
3408,-94
3232,-16
3368,-34
3456,-50
3544,-100
3440,-116
3336,-100
3432,-114
3440,-76
3472,-76
3312,-64
3400,-44
3344,-56
3328,-166
3472,-134
3232,-86
3240,-130
3344,-178
3656,-166
3480,-210
3432,-236
3360,-262
3256,-208
3392,-208
3536,-260
3712,-234
3608,-202
3712,-144
3664,-164
3624,-166
3808,-226
3760,-218
3720,-242
3616,-268
3408,-264
3624,-238
3624,-302
3336,-330
